[{"class":"MEDICINE","class_cn":"医学","n_class":3593,"subclasses":[{"subclass":"PUBLIC, ENVIRONMENTAL & OCCUPATIONAL HEALTH","subclass_cn":"公共卫生、环境卫生与职业卫生","n":350},{"subclass":"PSYCHIATRY","subclass_cn":"精神病学","n":278},{"subclass":"PHARMACOLOGY & PHARMACY","subclass_cn":"药学","n":252},{"subclass":"NURSING","subclass_cn":"护理","n":245},{"subclass":"ONCOLOGY","subclass_cn":"肿瘤学","n":237},{"subclass":"NEUROSCIENCES","subclass_cn":"神经科学","n":212},{"subclass":"SURGERY","subclass_cn":"外科","n":205},{"subclass":"CLINICAL NEUROLOGY","subclass_cn":"临床神经病学","n":201},{"subclass":"MEDICINE, GENERAL & INTERNAL","subclass_cn":"医学：内科","n":166},{"subclass":"IMMUNOLOGY","subclass_cn":"免疫学","n":153},{"subclass":"CARDIAC & CARDIOVASCULAR SYSTEMS","subclass_cn":"心脏和心血管系统","n":139},{"subclass":"MEDICINE, RESEARCH & EXPERIMENTAL","subclass_cn":"医学：研究与实验","n":135},{"subclass":"ENDOCRINOLOGY & METABOLISM","subclass_cn":"内分泌学与代谢","n":130},{"subclass":"PEDIATRICS","subclass_cn":"儿科","n":130},{"subclass":"REHABILITATION","subclass_cn":"康复医学","n":121},{"subclass":"RADIOLOGY, NUCLEAR MEDICINE & MEDICAL IMAGING","subclass_cn":"核医学","n":119},{"subclass":"HEALTH CARE SCIENCES & SERVICES","subclass_cn":"卫生保健与服务","n":94},{"subclass":"GASTROENTEROLOGY & HEPATOLOGY","subclass_cn":"胃肠肝病学","n":92},{"subclass":"UROLOGY & NEPHROLOGY","subclass_cn":"泌尿学与肾脏学","n":91},{"subclass":"INFECTIOUS DISEASES","subclass_cn":"传染病学","n":90},{"subclass":"DENTISTRY, ORAL SURGERY & MEDICINE","subclass_cn":"牙科与口腔外科","n":84},{"subclass":"OBSTETRICS & GYNECOLOGY","subclass_cn":"妇产科学","n":83},{"subclass":"HEALTH POLICY & SERVICES","subclass_cn":"卫生政策与服务","n":81},{"subclass":"ORTHOPEDICS","subclass_cn":"骨科","n":79},{"subclass":"HEMATOLOGY","subclass_cn":"血液学","n":74},{"subclass":"PATHOLOGY","subclass_cn":"病理学","n":71},{"subclass":"NUTRITION & DIETETICS","subclass_cn":"营养学","n":70},{"subclass":"SPORT SCIENCES","subclass_cn":"运动科学","n":70},{"subclass":"TOXICOLOGY","subclass_cn":"毒理学","n":70},{"subclass":"GENETICS & HEREDITY","subclass_cn":"遗传学","n":67},{"subclass":"DERMATOLOGY","subclass_cn":"皮肤病学","n":65},{"subclass":"PERIPHERAL VASCULAR DISEASE","subclass_cn":"外周血管病","n":65},{"subclass":"BIOCHEMISTRY & MOLECULAR BIOLOGY","subclass_cn":"生化与分子生物学","n":64},{"subclass":"RESPIRATORY SYSTEM","subclass_cn":"呼吸系统","n":64},{"subclass":"CELL BIOLOGY","subclass_cn":"细胞生物学","n":61},{"subclass":"OPHTHALMOLOGY","subclass_cn":"眼科学","n":59},{"subclass":"GERIATRICS & GERONTOLOGY","subclass_cn":"老年医学","n":52},{"subclass":"PHYSIOLOGY","subclass_cn":"生理学","n":52},{"subclass":"CHEMISTRY, MEDICINAL","subclass_cn":"药物化学","n":50},{"subclass":"SUBSTANCE ABUSE","subclass_cn":"药物滥用","n":50},{"subclass":"MICROBIOLOGY","subclass_cn":"微生物学","n":49},{"subclass":"OTORHINOLARYNGOLOGY","subclass_cn":"耳鼻喉科学","n":42},{"subclass":"VIROLOGY","subclass_cn":"病毒学","n":37},{"subclass":"PSYCHOLOGY, CLINICAL","subclass_cn":"心理学：临床","n":36},{"subclass":"CRITICAL CARE MEDICINE","subclass_cn":"危重病医学","n":34},{"subclass":"PARASITOLOGY","subclass_cn":"寄生虫学","n":34},{"subclass":"RHEUMATOLOGY","subclass_cn":"风湿病学","n":33},{"subclass":"ANESTHESIOLOGY","subclass_cn":"麻醉学","n":32},{"subclass":"EMERGENCY MEDICINE","subclass_cn":"急救医学","n":29},{"subclass":"PSYCHOLOGY","subclass_cn":"心理学","n":29},{"subclass":"INTEGRATIVE & COMPLEMENTARY MEDICINE","subclass_cn":"全科医学与补充医学","n":28},{"subclass":"BIOTECHNOLOGY & APPLIED MICROBIOLOGY","subclass_cn":"生物工程与应用微生物","n":27},{"subclass":"ALLERGY","subclass_cn":"过敏","n":26},{"subclass":"MEDICAL LABORATORY TECHNOLOGY","subclass_cn":"医学实验技术","n":26},{"subclass":"SOCIAL SCIENCES, BIOMEDICAL","subclass_cn":"社会科学：生物医学","n":26},{"subclass":"GERONTOLOGY","subclass_cn":"老年医学","n":24},{"subclass":"MEDICAL INFORMATICS","subclass_cn":"医学：信息","n":24},{"subclass":"TROPICAL MEDICINE","subclass_cn":"热带医学","n":23},{"subclass":"AUDIOLOGY & SPEECH-LANGUAGE PATHOLOGY","subclass_cn":"听力学与言语病理学","n":22},{"subclass":"CELL & TISSUE ENGINEERING","subclass_cn":"细胞与组织工程","n":22},{"subclass":"TRANSPLANTATION","subclass_cn":"移植","n":20},{"subclass":"PRIMARY HEALTH CARE","subclass_cn":"初级卫生保健","n":19},{"subclass":"REPRODUCTIVE BIOLOGY","subclass_cn":"生殖生物学","n":18},{"subclass":"EDUCATION, SPECIAL","subclass_cn":"特殊教育学","n":17},{"subclass":"PSYCHOLOGY, DEVELOPMENTAL","subclass_cn":"心理学：发育","n":17},{"subclass":"BIOCHEMICAL RESEARCH METHODS","subclass_cn":"生化研究方法","n":16},{"subclass":"ENVIRONMENTAL SCIENCES","subclass_cn":"环境科学","n":16},{"subclass":"MEDICINE, LEGAL","subclass_cn":"医学：法","n":16},{"subclass":"PSYCHOLOGY, MULTIDISCIPLINARY","subclass_cn":"心理学：综合","n":14},{"subclass":"ANATOMY & MORPHOLOGY","subclass_cn":"解剖学与形态学","n":13},{"subclass":"FOOD SCIENCE & TECHNOLOGY","subclass_cn":"食品科技","n":12},{"subclass":"NEUROIMAGING","subclass_cn":"神经成像","n":12},{"subclass":"BEHAVIORAL SCIENCES","subclass_cn":"行为科学","n":11},{"subclass":"LINGUISTICS","subclass_cn":"语言学","n":11},{"subclass":"LAW","subclass_cn":"法学","n":10},{"subclass":"BIOLOGY","subclass_cn":"生物学","n":9},{"subclass":"CHEMISTRY, MULTIDISCIPLINARY","subclass_cn":"化学综合","n":9},{"subclass":"EDUCATION & EDUCATIONAL RESEARCH","subclass_cn":"教育学和教育研究","n":9},{"subclass":"ETHICS","subclass_cn":"伦理学","n":9},{"subclass":"HOSPITALITY, LEISURE, SPORT & TOURISM","subclass_cn":"酒店、休闲、体育与旅游","n":9},{"subclass":"MATHEMATICAL & COMPUTATIONAL BIOLOGY","subclass_cn":"数学与计算生物学","n":9},{"subclass":"PSYCHOLOGY, APPLIED","subclass_cn":"心理学：应用","n":9},{"subclass":"ANDROLOGY","subclass_cn":"男科学","n":8},{"subclass":"CHEMISTRY, ANALYTICAL","subclass_cn":"分析化学","n":8},{"subclass":"DEVELOPMENTAL BIOLOGY","subclass_cn":"发育生物学","n":8},{"subclass":"VETERINARY SCIENCES","subclass_cn":"兽医学","n":8},{"subclass":"BIOPHYSICS","subclass_cn":"生物物理","n":7},{"subclass":"CRIMINOLOGY & PENOLOGY","subclass_cn":"犯罪学与刑罚学","n":7},{"subclass":"EDUCATION, SCIENTIFIC DISCIPLINES","subclass_cn":"学科教育","n":7},{"subclass":"FAMILY STUDIES","subclass_cn":"家庭研究","n":7},{"subclass":"ZOOLOGY","subclass_cn":"动物学","n":7},{"subclass":"ACOUSTICS","subclass_cn":"声学","n":6},{"subclass":"ECONOMICS","subclass_cn":"经济学","n":6},{"subclass":"PLANT SCIENCES","subclass_cn":"植物科学","n":6},{"subclass":"SOCIAL ISSUES","subclass_cn":"社会问题","n":6},{"subclass":"COMPUTER SCIENCE, INTERDISCIPLINARY APPLICATIONS","subclass_cn":"计算机：跨学科应用","n":5},{"subclass":"ENGINEERING, BIOMEDICAL","subclass_cn":"工程：生物医学","n":5},{"subclass":"MYCOLOGY","subclass_cn":"真菌学","n":5},{"subclass":"NANOSCIENCE & NANOTECHNOLOGY","subclass_cn":"纳米科技","n":5},{"subclass":"OPTICS","subclass_cn":"光学","n":5},{"subclass":"SOCIAL SCIENCES, INTERDISCIPLINARY","subclass_cn":"社会科学：跨领域","n":5},{"subclass":"SOCIAL WORK","subclass_cn":"社会工作","n":5},{"subclass":"STATISTICS & PROBABILITY","subclass_cn":"统计学与概率论","n":5},{"subclass":"ANTHROPOLOGY","subclass_cn":"人类学","n":4},{"subclass":"CHEMISTRY, APPLIED","subclass_cn":"应用化学","n":4},{"subclass":"MEDICAL ETHICS","subclass_cn":"医学：伦理","n":4},{"subclass":"WOMENS STUDIES","subclass_cn":"女性研究","n":4},{"subclass":"DEMOGRAPHY","subclass_cn":"人口学","n":3},{"subclass":"HISTORY & PHILOSOPHY OF SCIENCE","subclass_cn":"科学史与科学哲学","n":3},{"subclass":"MATERIALS SCIENCE, BIOMATERIALS","subclass_cn":"材料科学：生物材料","n":3},{"subclass":"MATHEMATICS, INTERDISCIPLINARY APPLICATIONS","subclass_cn":"数学跨学科应用","n":3},{"subclass":"NUCLEAR SCIENCE & TECHNOLOGY","subclass_cn":"核科学技术","n":3},{"subclass":"PSYCHOLOGY, BIOLOGICAL","subclass_cn":"心理学：生物","n":3},{"subclass":"PSYCHOLOGY, SOCIAL","subclass_cn":"心理学：社会","n":3},{"subclass":"SOCIOLOGY","subclass_cn":"社会学","n":3},{"subclass":"CHEMISTRY, ORGANIC","subclass_cn":"有机化学","n":2},{"subclass":"COMMUNICATION","subclass_cn":"传播学","n":2},{"subclass":"COMPUTER SCIENCE, INFORMATION SYSTEMS","subclass_cn":"计算机：信息系统","n":2},{"subclass":"INFORMATION SCIENCE & LIBRARY SCIENCE","subclass_cn":"图书情报与档案管理","n":2},{"subclass":"INSTRUMENTS & INSTRUMENTATION","subclass_cn":"仪器仪表","n":2},{"subclass":"PSYCHOLOGY, EDUCATIONAL","subclass_cn":"心理学：教育","n":2},{"subclass":"PSYCHOLOGY, PSYCHOANALYSIS","subclass_cn":"心理学：分析","n":2},{"subclass":"SOCIAL SCIENCES, MATHEMATICAL METHODS","subclass_cn":"社会科学：数理方法","n":2},{"subclass":"SPECTROSCOPY","subclass_cn":"光谱学","n":2},{"subclass":"TRANSPORTATION","subclass_cn":"交通运输","n":2},{"subclass":"BIODIVERSITY CONSERVATION","subclass_cn":"生物多样性保护","n":1},{"subclass":"CHEMISTRY, PHYSICAL","subclass_cn":"物理化学","n":1},{"subclass":"ECOLOGY","subclass_cn":"生态学","n":1},{"subclass":"ENGINEERING, CHEMICAL","subclass_cn":"工程：化工","n":1},{"subclass":"ERGONOMICS","subclass_cn":"人体工程学","n":1},{"subclass":"ETHNIC STUDIES","subclass_cn":"民族研究","n":1},{"subclass":"EVOLUTIONARY BIOLOGY","subclass_cn":"进化生物学","n":1},{"subclass":"INDUSTRIAL RELATIONS & LABOR","subclass_cn":"劳动关系学","n":1},{"subclass":"MANAGEMENT","subclass_cn":"管理学","n":1},{"subclass":"MARINE & FRESHWATER BIOLOGY","subclass_cn":"海洋与淡水生物学","n":1},{"subclass":"PHYSICS, APPLIED","subclass_cn":"物理：应用","n":1},{"subclass":"PHYSICS, ATOMIC, MOLECULAR & CHEMICAL","subclass_cn":"物理：原子、分子和化学物理","n":1},{"subclass":"PSYCHOLOGY, EXPERIMENTAL","subclass_cn":"心理学：实验","n":1},{"subclass":"WATER RESOURCES","subclass_cn":"水资源","n":1}]},{"class":"BIOLOGY","class_cn":"生物学","n_class":755,"subclasses":[{"subclass":"BIOCHEMISTRY & MOLECULAR BIOLOGY","subclass_cn":"生化与分子生物学","n":189},{"subclass":"CELL BIOLOGY","subclass_cn":"细胞生物学","n":124},{"subclass":"PLANT SCIENCES","subclass_cn":"植物科学","n":107},{"subclass":"GENETICS & HEREDITY","subclass_cn":"遗传学","n":93},{"subclass":"ZOOLOGY","subclass_cn":"动物学","n":93},{"subclass":"MICROBIOLOGY","subclass_cn":"微生物学","n":71},{"subclass":"BIOLOGY","subclass_cn":"生物学","n":59},{"subclass":"BIOTECHNOLOGY & APPLIED MICROBIOLOGY","subclass_cn":"生物工程与应用微生物","n":51},{"subclass":"BIOPHYSICS","subclass_cn":"生物物理","n":42},{"subclass":"BIOCHEMICAL RESEARCH METHODS","subclass_cn":"生化研究方法","n":38},{"subclass":"EVOLUTIONARY BIOLOGY","subclass_cn":"进化生物学","n":37},{"subclass":"MARINE & FRESHWATER BIOLOGY","subclass_cn":"海洋与淡水生物学","n":31},{"subclass":"DEVELOPMENTAL BIOLOGY","subclass_cn":"发育生物学","n":29},{"subclass":"MATHEMATICAL & COMPUTATIONAL BIOLOGY","subclass_cn":"数学与计算生物学","n":28},{"subclass":"ECOLOGY","subclass_cn":"生态学","n":27},{"subclass":"MYCOLOGY","subclass_cn":"真菌学","n":22},{"subclass":"PHYSIOLOGY","subclass_cn":"生理学","n":15},{"subclass":"ORNITHOLOGY","subclass_cn":"鸟类学","n":11},{"subclass":"BEHAVIORAL SCIENCES","subclass_cn":"行为科学","n":10},{"subclass":"REPRODUCTIVE BIOLOGY","subclass_cn":"生殖生物学","n":9},{"subclass":"ENDOCRINOLOGY & METABOLISM","subclass_cn":"内分泌学与代谢","n":8},{"subclass":"CHEMISTRY, ANALYTICAL","subclass_cn":"分析化学","n":5},{"subclass":"IMMUNOLOGY","subclass_cn":"免疫学","n":5},{"subclass":"PHARMACOLOGY & PHARMACY","subclass_cn":"药学","n":5},{"subclass":"ANATOMY & MORPHOLOGY","subclass_cn":"解剖学与形态学","n":4},{"subclass":"COMPUTER SCIENCE, INTERDISCIPLINARY APPLICATIONS","subclass_cn":"计算机：跨学科应用","n":4},{"subclass":"MEDICINE, RESEARCH & EXPERIMENTAL","subclass_cn":"医学：研究与实验","n":4},{"subclass":"AGRICULTURE, DAIRY & ANIMAL SCIENCE","subclass_cn":"奶制品与动物科学","n":3},{"subclass":"BIODIVERSITY CONSERVATION","subclass_cn":"生物多样性保护","n":3},{"subclass":"CHEMISTRY, MEDICINAL","subclass_cn":"药物化学","n":3},{"subclass":"CRYSTALLOGRAPHY","subclass_cn":"晶体学","n":3},{"subclass":"ENTOMOLOGY","subclass_cn":"昆虫学","n":3},{"subclass":"AGRONOMY","subclass_cn":"农艺学","n":2},{"subclass":"ENVIRONMENTAL SCIENCES","subclass_cn":"环境科学","n":2},{"subclass":"FISHERIES","subclass_cn":"渔业","n":2},{"subclass":"FORESTRY","subclass_cn":"林学","n":2},{"subclass":"MULTIDISCIPLINARY SCIENCES","subclass_cn":"综合性期刊","n":2},{"subclass":"NEUROSCIENCES","subclass_cn":"神经科学","n":2},{"subclass":"PARASITOLOGY","subclass_cn":"寄生虫学","n":2},{"subclass":"SPECTROSCOPY","subclass_cn":"光谱学","n":2},{"subclass":"STATISTICS & PROBABILITY","subclass_cn":"统计学与概率论","n":2},{"subclass":"VETERINARY SCIENCES","subclass_cn":"兽医学","n":2},{"subclass":"ANTHROPOLOGY","subclass_cn":"人类学","n":1},{"subclass":"ASTRONOMY & ASTROPHYSICS","subclass_cn":"天文与天体物理","n":1},{"subclass":"CHEMISTRY, INORGANIC & NUCLEAR","subclass_cn":"无机化学与核化学","n":1},{"subclass":"CHEMISTRY, MULTIDISCIPLINARY","subclass_cn":"化学综合","n":1},{"subclass":"CHEMISTRY, PHYSICAL","subclass_cn":"物理化学","n":1},{"subclass":"EDUCATION & EDUCATIONAL RESEARCH","subclass_cn":"教育学和教育研究","n":1},{"subclass":"EDUCATION, SCIENTIFIC DISCIPLINES","subclass_cn":"学科教育","n":1},{"subclass":"ENGINEERING, CHEMICAL","subclass_cn":"工程：化工","n":1},{"subclass":"GERIATRICS & GERONTOLOGY","subclass_cn":"老年医学","n":1},{"subclass":"HORTICULTURE","subclass_cn":"园艺","n":1},{"subclass":"INFECTIOUS DISEASES","subclass_cn":"传染病学","n":1},{"subclass":"MATERIALS SCIENCE, BIOMATERIALS","subclass_cn":"材料科学：生物材料","n":1},{"subclass":"MEDICAL LABORATORY TECHNOLOGY","subclass_cn":"医学实验技术","n":1},{"subclass":"MICROSCOPY","subclass_cn":"显微镜技术","n":1},{"subclass":"NANOSCIENCE & NANOTECHNOLOGY","subclass_cn":"纳米科技","n":1},{"subclass":"PATHOLOGY","subclass_cn":"病理学","n":1},{"subclass":"PSYCHOLOGY, BIOLOGICAL","subclass_cn":"心理学：生物","n":1},{"subclass":"SOIL SCIENCE","subclass_cn":"土壤科学","n":1}]},{"class":"ENGINEERING & TECHNOLOGY","class_cn":"工程技术","n_class":669,"subclasses":[{"subclass":"ENGINEERING, ELECTRICAL & ELECTRONIC","subclass_cn":"工程：电子与电气","n":80},{"subclass":"ENGINEERING, BIOMEDICAL","subclass_cn":"工程：生物医学","n":79},{"subclass":"MECHANICS","subclass_cn":"力学","n":72},{"subclass":"ENGINEERING, CHEMICAL","subclass_cn":"工程：化工","n":61},{"subclass":"ENGINEERING, MECHANICAL","subclass_cn":"工程：机械","n":60},{"subclass":"BIOTECHNOLOGY & APPLIED MICROBIOLOGY","subclass_cn":"生物工程与应用微生物","n":59},{"subclass":"ENERGY & FUELS","subclass_cn":"能源与燃料","n":51},{"subclass":"MATERIALS SCIENCE, MULTIDISCIPLINARY","subclass_cn":"材料科学：综合","n":48},{"subclass":"ENGINEERING, MULTIDISCIPLINARY","subclass_cn":"工程：综合","n":42},{"subclass":"PHYSICS, APPLIED","subclass_cn":"物理：应用","n":37},{"subclass":"ENGINEERING, CIVIL","subclass_cn":"工程：土木","n":35},{"subclass":"THERMODYNAMICS","subclass_cn":"热力学","n":33},{"subclass":"INSTRUMENTS & INSTRUMENTATION","subclass_cn":"仪器仪表","n":31},{"subclass":"MATERIALS SCIENCE, BIOMATERIALS","subclass_cn":"材料科学：生物材料","n":29},{"subclass":"COMPUTER SCIENCE, INTERDISCIPLINARY APPLICATIONS","subclass_cn":"计算机：跨学科应用","n":28},{"subclass":"ENGINEERING, MANUFACTURING","subclass_cn":"工程：制造","n":26},{"subclass":"CONSTRUCTION & BUILDING TECHNOLOGY","subclass_cn":"结构与建筑技术","n":25},{"subclass":"MATHEMATICS, INTERDISCIPLINARY APPLICATIONS","subclass_cn":"数学跨学科应用","n":24},{"subclass":"NANOSCIENCE & NANOTECHNOLOGY","subclass_cn":"纳米科技","n":24},{"subclass":"OPERATIONS RESEARCH & MANAGEMENT SCIENCE","subclass_cn":"运筹学与管理科学","n":22},{"subclass":"OPTICS","subclass_cn":"光学","n":22},{"subclass":"ENGINEERING, INDUSTRIAL","subclass_cn":"工程：工业","n":21},{"subclass":"POLYMER SCIENCE","subclass_cn":"高分子科学","n":19},{"subclass":"TRANSPORTATION","subclass_cn":"交通运输","n":18},{"subclass":"ENGINEERING, AEROSPACE","subclass_cn":"工程：宇航","n":15},{"subclass":"GEOSCIENCES, MULTIDISCIPLINARY","subclass_cn":"地球科学综合","n":14},{"subclass":"TRANSPORTATION SCIENCE & TECHNOLOGY","subclass_cn":"运输科技","n":14},{"subclass":"BIOPHYSICS","subclass_cn":"生物物理","n":13},{"subclass":"CHEMISTRY, PHYSICAL","subclass_cn":"物理化学","n":13},{"subclass":"GREEN & SUSTAINABLE SCIENCE & TECHNOLOGY","subclass_cn":"绿色可持续发展技术","n":11},{"subclass":"IMAGING SCIENCE & PHOTOGRAPHIC TECHNOLOGY","subclass_cn":"成像科学与照相技术","n":11},{"subclass":"PHYSICS, FLUIDS & PLASMAS","subclass_cn":"物理：流体与等离子体","n":11},{"subclass":"REMOTE SENSING","subclass_cn":"遥感","n":11},{"subclass":"BIOCHEMICAL RESEARCH METHODS","subclass_cn":"生化研究方法","n":10},{"subclass":"ELECTROCHEMISTRY","subclass_cn":"电化学","n":10},{"subclass":"ENGINEERING, GEOLOGICAL","subclass_cn":"工程：地质","n":10},{"subclass":"BIOCHEMISTRY & MOLECULAR BIOLOGY","subclass_cn":"生化与分子生物学","n":9},{"subclass":"CHEMISTRY, ANALYTICAL","subclass_cn":"分析化学","n":9},{"subclass":"CHEMISTRY, MULTIDISCIPLINARY","subclass_cn":"化学综合","n":9},{"subclass":"ENGINEERING, ENVIRONMENTAL","subclass_cn":"工程：环境","n":9},{"subclass":"ENVIRONMENTAL SCIENCES","subclass_cn":"环境科学","n":9},{"subclass":"RADIOLOGY, NUCLEAR MEDICINE & MEDICAL IMAGING","subclass_cn":"核医学","n":9},{"subclass":"WATER RESOURCES","subclass_cn":"水资源","n":9},{"subclass":"CHEMISTRY, APPLIED","subclass_cn":"应用化学","n":8},{"subclass":"MATHEMATICAL & COMPUTATIONAL BIOLOGY","subclass_cn":"数学与计算生物学","n":8},{"subclass":"MICROSCOPY","subclass_cn":"显微镜技术","n":8},{"subclass":"NUCLEAR SCIENCE & TECHNOLOGY","subclass_cn":"核科学技术","n":8},{"subclass":"ACOUSTICS","subclass_cn":"声学","n":7},{"subclass":"CELL & TISSUE ENGINEERING","subclass_cn":"细胞与组织工程","n":7},{"subclass":"ERGONOMICS","subclass_cn":"人体工程学","n":6},{"subclass":"FOOD SCIENCE & TECHNOLOGY","subclass_cn":"食品科技","n":6},{"subclass":"MATERIALS SCIENCE, CHARACTERIZATION & TESTING","subclass_cn":"材料科学：表征与测试","n":6},{"subclass":"MATHEMATICS, APPLIED","subclass_cn":"应用数学","n":6},{"subclass":"STATISTICS & PROBABILITY","subclass_cn":"统计学与概率论","n":6},{"subclass":"MEDICAL INFORMATICS","subclass_cn":"医学：信息","n":5},{"subclass":"MULTIDISCIPLINARY SCIENCES","subclass_cn":"综合性期刊","n":5},{"subclass":"NEUROSCIENCES","subclass_cn":"神经科学","n":5},{"subclass":"SPORT SCIENCES","subclass_cn":"运动科学","n":5},{"subclass":"CELL BIOLOGY","subclass_cn":"细胞生物学","n":4},{"subclass":"COMPUTER SCIENCE, ARTIFICIAL INTELLIGENCE","subclass_cn":"计算机：人工智能","n":4},{"subclass":"COMPUTER SCIENCE, HARDWARE & ARCHITECTURE","subclass_cn":"计算机：硬件","n":4},{"subclass":"DENTISTRY, ORAL SURGERY & MEDICINE","subclass_cn":"牙科与口腔外科","n":4},{"subclass":"ECONOMICS","subclass_cn":"经济学","n":4},{"subclass":"ENGINEERING, PETROLEUM","subclass_cn":"工程：石油","n":4},{"subclass":"ENVIRONMENTAL STUDIES","subclass_cn":"环境研究","n":4},{"subclass":"METEOROLOGY & ATMOSPHERIC SCIENCES","subclass_cn":"气象与大气科学","n":4},{"subclass":"MINING & MINERAL PROCESSING","subclass_cn":"矿业与矿物加工","n":4},{"subclass":"PHYSICS, CONDENSED MATTER","subclass_cn":"物理：凝聚态物理","n":4},{"subclass":"PLANT SCIENCES","subclass_cn":"植物科学","n":4},{"subclass":"PUBLIC, ENVIRONMENTAL & OCCUPATIONAL HEALTH","subclass_cn":"公共卫生、环境卫生与职业卫生","n":4},{"subclass":"QUANTUM SCIENCE & TECHNOLOGY","subclass_cn":"量子科技","n":4},{"subclass":"TRANSPLANTATION","subclass_cn":"移植","n":4},{"subclass":"BIOLOGY","subclass_cn":"生物学","n":3},{"subclass":"COMPUTER SCIENCE, SOFTWARE ENGINEERING","subclass_cn":"计算机：软件工程","n":3},{"subclass":"COMPUTER SCIENCE, THEORY & METHODS","subclass_cn":"计算机：理论方法","n":3},{"subclass":"EDUCATION, SCIENTIFIC DISCIPLINES","subclass_cn":"学科教育","n":3},{"subclass":"ENGINEERING, OCEAN","subclass_cn":"工程：大洋","n":3},{"subclass":"MATERIALS SCIENCE, COMPOSITES","subclass_cn":"材料科学：复合","n":3},{"subclass":"MICROBIOLOGY","subclass_cn":"微生物学","n":3},{"subclass":"OCEANOGRAPHY","subclass_cn":"海洋学","n":3},{"subclass":"ORTHOPEDICS","subclass_cn":"骨科","n":3},{"subclass":"PSYCHOLOGY, APPLIED","subclass_cn":"心理学：应用","n":3},{"subclass":"SOCIAL SCIENCES, INTERDISCIPLINARY","subclass_cn":"社会科学：跨领域","n":3},{"subclass":"AGRICULTURAL ENGINEERING","subclass_cn":"农业工程","n":2},{"subclass":"CARDIAC & CARDIOVASCULAR SYSTEMS","subclass_cn":"心脏和心血管系统","n":2},{"subclass":"COMPUTER SCIENCE, CYBERNETICS","subclass_cn":"计算机：控制论","n":2},{"subclass":"COMPUTER SCIENCE, INFORMATION SYSTEMS","subclass_cn":"计算机：信息系统","n":2},{"subclass":"ENGINEERING, MARINE","subclass_cn":"工程：海洋","n":2},{"subclass":"GEOCHEMISTRY & GEOPHYSICS","subclass_cn":"地球化学与地球物理","n":2},{"subclass":"GEOGRAPHY, PHYSICAL","subclass_cn":"自然地理","n":2},{"subclass":"NUTRITION & DIETETICS","subclass_cn":"营养学","n":2},{"subclass":"PHARMACOLOGY & PHARMACY","subclass_cn":"药学","n":2},{"subclass":"REHABILITATION","subclass_cn":"康复医学","n":2},{"subclass":"SURGERY","subclass_cn":"外科","n":2},{"subclass":"AGRONOMY","subclass_cn":"农艺学","n":1},{"subclass":"ANATOMY & MORPHOLOGY","subclass_cn":"解剖学与形态学","n":1},{"subclass":"AUTOMATION & CONTROL SYSTEMS","subclass_cn":"自动化与控制系统","n":1},{"subclass":"CHEMISTRY, INORGANIC & NUCLEAR","subclass_cn":"无机化学与核化学","n":1},{"subclass":"DEVELOPMENTAL BIOLOGY","subclass_cn":"发育生物学","n":1},{"subclass":"EDUCATION & EDUCATIONAL RESEARCH","subclass_cn":"教育学和教育研究","n":1},{"subclass":"GENETICS & HEREDITY","subclass_cn":"遗传学","n":1},{"subclass":"GEOGRAPHY","subclass_cn":"地理学","n":1},{"subclass":"HEALTH CARE SCIENCES & SERVICES","subclass_cn":"卫生保健与服务","n":1},{"subclass":"HEMATOLOGY","subclass_cn":"血液学","n":1},{"subclass":"HISTORY & PHILOSOPHY OF SCIENCE","subclass_cn":"科学史与科学哲学","n":1},{"subclass":"MANAGEMENT","subclass_cn":"管理学","n":1},{"subclass":"MATERIALS SCIENCE, COATINGS & FILMS","subclass_cn":"材料科学：膜","n":1},{"subclass":"MEDICINE, RESEARCH & EXPERIMENTAL","subclass_cn":"医学：研究与实验","n":1},{"subclass":"METALLURGY & METALLURGICAL ENGINEERING","subclass_cn":"冶金工程","n":1},{"subclass":"ONCOLOGY","subclass_cn":"肿瘤学","n":1},{"subclass":"PATHOLOGY","subclass_cn":"病理学","n":1},{"subclass":"PHYSICS, MATHEMATICAL","subclass_cn":"物理：数学物理","n":1},{"subclass":"PHYSICS, MULTIDISCIPLINARY","subclass_cn":"物理：综合","n":1},{"subclass":"PHYSIOLOGY","subclass_cn":"生理学","n":1},{"subclass":"PSYCHOLOGY","subclass_cn":"心理学","n":1},{"subclass":"REGIONAL & URBAN PLANNING","subclass_cn":"区域与城市规划","n":1},{"subclass":"SOCIAL ISSUES","subclass_cn":"社会问题","n":1},{"subclass":"SOCIAL SCIENCES, MATHEMATICAL METHODS","subclass_cn":"社会科学：数理方法","n":1},{"subclass":"TELECOMMUNICATIONS","subclass_cn":"电信学","n":1},{"subclass":"URBAN STUDIES","subclass_cn":"城市研究","n":1}]},{"class":"LAW","class_cn":"法学","n_class":599,"subclasses":[{"subclass":"SOCIOLOGY","subclass_cn":"社会学","n":104},{"subclass":"POLITICAL SCIENCE","subclass_cn":"政治学","n":99},{"subclass":"LAW","subclass_cn":"法学","n":74},{"subclass":"SOCIAL SCIENCES, INTERDISCIPLINARY","subclass_cn":"社会科学：跨领域","n":60},{"subclass":"AREA STUDIES","subclass_cn":"地域研究","n":52},{"subclass":"ANTHROPOLOGY","subclass_cn":"人类学","n":45},{"subclass":"INTERNATIONAL RELATIONS","subclass_cn":"国际关系学","n":42},{"subclass":"CRIMINOLOGY & PENOLOGY","subclass_cn":"犯罪学与刑罚学","n":41},{"subclass":"GEOGRAPHY","subclass_cn":"地理学","n":38},{"subclass":"SOCIAL WORK","subclass_cn":"社会工作","n":30},{"subclass":"ENVIRONMENTAL STUDIES","subclass_cn":"环境研究","n":25},{"subclass":"WOMENS STUDIES","subclass_cn":"女性研究","n":23},{"subclass":"DEMOGRAPHY","subclass_cn":"人口学","n":22},{"subclass":"SOCIAL ISSUES","subclass_cn":"社会问题","n":22},{"subclass":"CULTURAL STUDIES","subclass_cn":"文化研究","n":17},{"subclass":"ETHNIC STUDIES","subclass_cn":"民族研究","n":15},{"subclass":"FAMILY STUDIES","subclass_cn":"家庭研究","n":15},{"subclass":"DEVELOPMENT STUDIES","subclass_cn":"发展研究","n":11},{"subclass":"GERONTOLOGY","subclass_cn":"老年医学","n":8},{"subclass":"HISTORY","subclass_cn":"历史学","n":8},{"subclass":"PSYCHOLOGY, SOCIAL","subclass_cn":"心理学：社会","n":8},{"subclass":"PUBLIC ADMINISTRATION","subclass_cn":"公共管理","n":8},{"subclass":"SOCIAL SCIENCES, BIOMEDICAL","subclass_cn":"社会科学：生物医学","n":8},{"subclass":"ECONOMICS","subclass_cn":"经济学","n":7},{"subclass":"HISTORY & PHILOSOPHY OF SCIENCE","subclass_cn":"科学史与科学哲学","n":7},{"subclass":"COMMUNICATION","subclass_cn":"传播学","n":6},{"subclass":"REGIONAL & URBAN PLANNING","subclass_cn":"区域与城市规划","n":4},{"subclass":"SOCIAL SCIENCES, MATHEMATICAL METHODS","subclass_cn":"社会科学：数理方法","n":4},{"subclass":"SUBSTANCE ABUSE","subclass_cn":"药物滥用","n":4},{"subclass":"HOSPITALITY, LEISURE, SPORT & TOURISM","subclass_cn":"酒店、休闲、体育与旅游","n":3},{"subclass":"PUBLIC, ENVIRONMENTAL & OCCUPATIONAL HEALTH","subclass_cn":"公共卫生、环境卫生与职业卫生","n":3},{"subclass":"URBAN STUDIES","subclass_cn":"城市研究","n":3},{"subclass":"EDUCATION & EDUCATIONAL RESEARCH","subclass_cn":"教育学和教育研究","n":2},{"subclass":"ETHICS","subclass_cn":"伦理学","n":2},{"subclass":"INDUSTRIAL RELATIONS & LABOR","subclass_cn":"劳动关系学","n":2},{"subclass":"INFORMATION SCIENCE & LIBRARY SCIENCE","subclass_cn":"图书情报与档案管理","n":2},{"subclass":"MATHEMATICS, INTERDISCIPLINARY APPLICATIONS","subclass_cn":"数学跨学科应用","n":2},{"subclass":"PSYCHOLOGY, APPLIED","subclass_cn":"心理学：应用","n":2},{"subclass":"PSYCHOLOGY, CLINICAL","subclass_cn":"心理学：临床","n":2},{"subclass":"AGRICULTURE, MULTIDISCIPLINARY","subclass_cn":"农业综合","n":1},{"subclass":"BIOLOGY","subclass_cn":"生物学","n":1},{"subclass":"BUSINESS","subclass_cn":"商业：管理","n":1},{"subclass":"ECOLOGY","subclass_cn":"生态学","n":1},{"subclass":"ENVIRONMENTAL SCIENCES","subclass_cn":"环境科学","n":1},{"subclass":"EVOLUTIONARY BIOLOGY","subclass_cn":"进化生物学","n":1},{"subclass":"GEOGRAPHY, PHYSICAL","subclass_cn":"自然地理","n":1},{"subclass":"HEALTH POLICY & SERVICES","subclass_cn":"卫生政策与服务","n":1},{"subclass":"LINGUISTICS","subclass_cn":"语言学","n":1},{"subclass":"MANAGEMENT","subclass_cn":"管理学","n":1},{"subclass":"PSYCHOLOGY, DEVELOPMENTAL","subclass_cn":"心理学：发育","n":1},{"subclass":"PSYCHOLOGY, MULTIDISCIPLINARY","subclass_cn":"心理学：综合","n":1},{"subclass":"REHABILITATION","subclass_cn":"康复医学","n":1},{"subclass":"STATISTICS & PROBABILITY","subclass_cn":"统计学与概率论","n":1},{"subclass":"TRANSPORTATION","subclass_cn":"交通运输","n":1}]},{"class":"PSYCHOLOGY","class_cn":"心理学","n_class":446,"subclasses":[{"subclass":"PSYCHOLOGY, MULTIDISCIPLINARY","subclass_cn":"心理学：综合","n":104},{"subclass":"PSYCHOLOGY, CLINICAL","subclass_cn":"心理学：临床","n":83},{"subclass":"PSYCHOLOGY, EXPERIMENTAL","subclass_cn":"心理学：实验","n":81},{"subclass":"PSYCHOLOGY, DEVELOPMENTAL","subclass_cn":"心理学：发育","n":50},{"subclass":"PSYCHOLOGY, SOCIAL","subclass_cn":"心理学：社会","n":45},{"subclass":"NEUROSCIENCES","subclass_cn":"神经科学","n":44},{"subclass":"PSYCHOLOGY","subclass_cn":"心理学","n":42},{"subclass":"PSYCHOLOGY, APPLIED","subclass_cn":"心理学：应用","n":36},{"subclass":"PSYCHOLOGY, EDUCATIONAL","subclass_cn":"心理学：教育","n":34},{"subclass":"BEHAVIORAL SCIENCES","subclass_cn":"行为科学","n":28},{"subclass":"FAMILY STUDIES","subclass_cn":"家庭研究","n":19},{"subclass":"PSYCHIATRY","subclass_cn":"精神病学","n":14},{"subclass":"PSYCHOLOGY, MATHEMATICAL","subclass_cn":"心理学：数学","n":11},{"subclass":"PSYCHOLOGY, PSYCHOANALYSIS","subclass_cn":"心理学：分析","n":10},{"subclass":"CRIMINOLOGY & PENOLOGY","subclass_cn":"犯罪学与刑罚学","n":9},{"subclass":"EDUCATION & EDUCATIONAL RESEARCH","subclass_cn":"教育学和教育研究","n":9},{"subclass":"PSYCHOLOGY, BIOLOGICAL","subclass_cn":"心理学：生物","n":9},{"subclass":"SOCIAL SCIENCES, MATHEMATICAL METHODS","subclass_cn":"社会科学：数理方法","n":8},{"subclass":"CLINICAL NEUROLOGY","subclass_cn":"临床神经病学","n":7},{"subclass":"LINGUISTICS","subclass_cn":"语言学","n":6},{"subclass":"MATHEMATICS, INTERDISCIPLINARY APPLICATIONS","subclass_cn":"数学跨学科应用","n":6},{"subclass":"COMMUNICATION","subclass_cn":"传播学","n":5},{"subclass":"MANAGEMENT","subclass_cn":"管理学","n":5},{"subclass":"PHYSIOLOGY","subclass_cn":"生理学","n":5},{"subclass":"SOCIAL SCIENCES, INTERDISCIPLINARY","subclass_cn":"社会科学：跨领域","n":5},{"subclass":"ZOOLOGY","subclass_cn":"动物学","n":5},{"subclass":"SOCIAL WORK","subclass_cn":"社会工作","n":4},{"subclass":"EDUCATION, SPECIAL","subclass_cn":"特殊教育学","n":3},{"subclass":"PUBLIC, ENVIRONMENTAL & OCCUPATIONAL HEALTH","subclass_cn":"公共卫生、环境卫生与职业卫生","n":3},{"subclass":"SUBSTANCE ABUSE","subclass_cn":"药物滥用","n":3},{"subclass":"WOMENS STUDIES","subclass_cn":"女性研究","n":3},{"subclass":"AUDIOLOGY & SPEECH-LANGUAGE PATHOLOGY","subclass_cn":"听力学与言语病理学","n":2},{"subclass":"BUSINESS","subclass_cn":"商业：管理","n":2},{"subclass":"ENVIRONMENTAL STUDIES","subclass_cn":"环境研究","n":2},{"subclass":"ETHICS","subclass_cn":"伦理学","n":2},{"subclass":"ETHNIC STUDIES","subclass_cn":"民族研究","n":2},{"subclass":"GERONTOLOGY","subclass_cn":"老年医学","n":2},{"subclass":"HISTORY","subclass_cn":"历史学","n":2},{"subclass":"HISTORY OF SOCIAL SCIENCES","subclass_cn":"社会科学史","n":2},{"subclass":"LAW","subclass_cn":"法学","n":2},{"subclass":"OPHTHALMOLOGY","subclass_cn":"眼科学","n":2},{"subclass":"PHARMACOLOGY & PHARMACY","subclass_cn":"药学","n":2},{"subclass":"SPORT SCIENCES","subclass_cn":"运动科学","n":2},{"subclass":"STATISTICS & PROBABILITY","subclass_cn":"统计学与概率论","n":2},{"subclass":"BIOPHYSICS","subclass_cn":"生物物理","n":1},{"subclass":"COMPUTER SCIENCE, ARTIFICIAL INTELLIGENCE","subclass_cn":"计算机：人工智能","n":1},{"subclass":"CULTURAL STUDIES","subclass_cn":"文化研究","n":1},{"subclass":"DEVELOPMENTAL BIOLOGY","subclass_cn":"发育生物学","n":1},{"subclass":"ECONOMICS","subclass_cn":"经济学","n":1},{"subclass":"ENDOCRINOLOGY & METABOLISM","subclass_cn":"内分泌学与代谢","n":1},{"subclass":"ENGINEERING, INDUSTRIAL","subclass_cn":"工程：工业","n":1},{"subclass":"ERGONOMICS","subclass_cn":"人体工程学","n":1},{"subclass":"FOOD SCIENCE & TECHNOLOGY","subclass_cn":"食品科技","n":1},{"subclass":"MULTIDISCIPLINARY SCIENCES","subclass_cn":"综合性期刊","n":1},{"subclass":"NEUROIMAGING","subclass_cn":"神经成像","n":1},{"subclass":"REHABILITATION","subclass_cn":"康复医学","n":1},{"subclass":"SOCIAL ISSUES","subclass_cn":"社会问题","n":1},{"subclass":"SOCIAL SCIENCES, BIOMEDICAL","subclass_cn":"社会科学：生物医学","n":1}]},{"class":"AGRICULTURE & FORESTRY SCIENCE","class_cn":"农林科学","n_class":415,"subclasses":[{"subclass":"VETERINARY SCIENCES","subclass_cn":"兽医学","n":110},{"subclass":"FOOD SCIENCE & TECHNOLOGY","subclass_cn":"食品科技","n":76},{"subclass":"ENTOMOLOGY","subclass_cn":"昆虫学","n":62},{"subclass":"AGRONOMY","subclass_cn":"农艺学","n":41},{"subclass":"AGRICULTURE, DAIRY & ANIMAL SCIENCE","subclass_cn":"奶制品与动物科学","n":35},{"subclass":"PLANT SCIENCES","subclass_cn":"植物科学","n":34},{"subclass":"FISHERIES","subclass_cn":"渔业","n":33},{"subclass":"FORESTRY","subclass_cn":"林学","n":22},{"subclass":"SOIL SCIENCE","subclass_cn":"土壤科学","n":22},{"subclass":"AGRICULTURE, MULTIDISCIPLINARY","subclass_cn":"农业综合","n":18},{"subclass":"CHEMISTRY, APPLIED","subclass_cn":"应用化学","n":15},{"subclass":"MARINE & FRESHWATER BIOLOGY","subclass_cn":"海洋与淡水生物学","n":13},{"subclass":"HORTICULTURE","subclass_cn":"园艺","n":12},{"subclass":"BIOTECHNOLOGY & APPLIED MICROBIOLOGY","subclass_cn":"生物工程与应用微生物","n":9},{"subclass":"NUTRITION & DIETETICS","subclass_cn":"营养学","n":7},{"subclass":"ECOLOGY","subclass_cn":"生态学","n":6},{"subclass":"AGRICULTURAL ENGINEERING","subclass_cn":"农业工程","n":5},{"subclass":"BIOCHEMISTRY & MOLECULAR BIOLOGY","subclass_cn":"生化与分子生物学","n":5},{"subclass":"WATER RESOURCES","subclass_cn":"水资源","n":5},{"subclass":"ZOOLOGY","subclass_cn":"动物学","n":5},{"subclass":"ENVIRONMENTAL SCIENCES","subclass_cn":"环境科学","n":4},{"subclass":"TOXICOLOGY","subclass_cn":"毒理学","n":4},{"subclass":"ECONOMICS","subclass_cn":"经济学","n":3},{"subclass":"GENETICS & HEREDITY","subclass_cn":"遗传学","n":3},{"subclass":"IMMUNOLOGY","subclass_cn":"免疫学","n":3},{"subclass":"MICROBIOLOGY","subclass_cn":"微生物学","n":3},{"subclass":"PHYSIOLOGY","subclass_cn":"生理学","n":3},{"subclass":"REPRODUCTIVE BIOLOGY","subclass_cn":"生殖生物学","n":3},{"subclass":"AGRICULTURAL ECONOMICS & POLICY","subclass_cn":"农业经济与政策","n":2},{"subclass":"BEHAVIORAL SCIENCES","subclass_cn":"行为科学","n":2},{"subclass":"CHEMISTRY, ANALYTICAL","subclass_cn":"分析化学","n":2},{"subclass":"ENGINEERING, CHEMICAL","subclass_cn":"工程：化工","n":2},{"subclass":"EVOLUTIONARY BIOLOGY","subclass_cn":"进化生物学","n":2},{"subclass":"GREEN & SUSTAINABLE SCIENCE & TECHNOLOGY","subclass_cn":"绿色可持续发展技术","n":2},{"subclass":"INFECTIOUS DISEASES","subclass_cn":"传染病学","n":2},{"subclass":"OCEANOGRAPHY","subclass_cn":"海洋学","n":2},{"subclass":"PARASITOLOGY","subclass_cn":"寄生虫学","n":2},{"subclass":"PATHOLOGY","subclass_cn":"病理学","n":2},{"subclass":"SOCIOLOGY","subclass_cn":"社会学","n":2},{"subclass":"ANATOMY & MORPHOLOGY","subclass_cn":"解剖学与形态学","n":1},{"subclass":"BIOLOGY","subclass_cn":"生物学","n":1},{"subclass":"COMPUTER SCIENCE, INTERDISCIPLINARY APPLICATIONS","subclass_cn":"计算机：跨学科应用","n":1},{"subclass":"DERMATOLOGY","subclass_cn":"皮肤病学","n":1},{"subclass":"EDUCATION, SCIENTIFIC DISCIPLINES","subclass_cn":"学科教育","n":1},{"subclass":"ENDOCRINOLOGY & METABOLISM","subclass_cn":"内分泌学与代谢","n":1},{"subclass":"ENVIRONMENTAL STUDIES","subclass_cn":"环境研究","n":1},{"subclass":"GEOGRAPHY, PHYSICAL","subclass_cn":"自然地理","n":1},{"subclass":"GEOSCIENCES, MULTIDISCIPLINARY","subclass_cn":"地球科学综合","n":1},{"subclass":"MATERIALS SCIENCE, PAPER & WOOD","subclass_cn":"材料科学：纸与木材","n":1},{"subclass":"METEOROLOGY & ATMOSPHERIC SCIENCES","subclass_cn":"气象与大气科学","n":1},{"subclass":"ORNITHOLOGY","subclass_cn":"鸟类学","n":1},{"subclass":"PHARMACOLOGY & PHARMACY","subclass_cn":"药学","n":1}]},{"class":"COMPUTER SCIENCE","class_cn":"计算机科学","n_class":332,"subclasses":[{"subclass":"COMPUTER SCIENCE, ARTIFICIAL INTELLIGENCE","subclass_cn":"计算机：人工智能","n":96},{"subclass":"COMPUTER SCIENCE, INFORMATION SYSTEMS","subclass_cn":"计算机：信息系统","n":78},{"subclass":"ENGINEERING, ELECTRICAL & ELECTRONIC","subclass_cn":"工程：电子与电气","n":75},{"subclass":"COMPUTER SCIENCE, SOFTWARE ENGINEERING","subclass_cn":"计算机：软件工程","n":64},{"subclass":"COMPUTER SCIENCE, THEORY & METHODS","subclass_cn":"计算机：理论方法","n":58},{"subclass":"TELECOMMUNICATIONS","subclass_cn":"电信学","n":49},{"subclass":"AUTOMATION & CONTROL SYSTEMS","subclass_cn":"自动化与控制系统","n":35},{"subclass":"COMPUTER SCIENCE, INTERDISCIPLINARY APPLICATIONS","subclass_cn":"计算机：跨学科应用","n":29},{"subclass":"COMPUTER SCIENCE, HARDWARE & ARCHITECTURE","subclass_cn":"计算机：硬件","n":27},{"subclass":"ROBOTICS","subclass_cn":"机器人学","n":24},{"subclass":"COMPUTER SCIENCE, CYBERNETICS","subclass_cn":"计算机：控制论","n":13},{"subclass":"MATHEMATICS, APPLIED","subclass_cn":"应用数学","n":13},{"subclass":"OPERATIONS RESEARCH & MANAGEMENT SCIENCE","subclass_cn":"运筹学与管理科学","n":12},{"subclass":"IMAGING SCIENCE & PHOTOGRAPHIC TECHNOLOGY","subclass_cn":"成像科学与照相技术","n":10},{"subclass":"ENGINEERING, MULTIDISCIPLINARY","subclass_cn":"工程：综合","n":7},{"subclass":"MATHEMATICS, INTERDISCIPLINARY APPLICATIONS","subclass_cn":"数学跨学科应用","n":7},{"subclass":"NEUROSCIENCES","subclass_cn":"神经科学","n":6},{"subclass":"STATISTICS & PROBABILITY","subclass_cn":"统计学与概率论","n":5},{"subclass":"INSTRUMENTS & INSTRUMENTATION","subclass_cn":"仪器仪表","n":4},{"subclass":"ACOUSTICS","subclass_cn":"声学","n":3},{"subclass":"ENGINEERING, INDUSTRIAL","subclass_cn":"工程：工业","n":3},{"subclass":"ENGINEERING, MECHANICAL","subclass_cn":"工程：机械","n":3},{"subclass":"OPTICS","subclass_cn":"光学","n":3},{"subclass":"ENGINEERING, MANUFACTURING","subclass_cn":"工程：制造","n":2},{"subclass":"ERGONOMICS","subclass_cn":"人体工程学","n":2},{"subclass":"INFORMATION SCIENCE & LIBRARY SCIENCE","subclass_cn":"图书情报与档案管理","n":2},{"subclass":"LINGUISTICS","subclass_cn":"语言学","n":2},{"subclass":"MATERIALS SCIENCE, BIOMATERIALS","subclass_cn":"材料科学：生物材料","n":2},{"subclass":"MATHEMATICS","subclass_cn":"数学","n":2},{"subclass":"NANOSCIENCE & NANOTECHNOLOGY","subclass_cn":"纳米科技","n":2},{"subclass":"ASTRONOMY & ASTROPHYSICS","subclass_cn":"天文与天体物理","n":1},{"subclass":"CHEMISTRY, ANALYTICAL","subclass_cn":"分析化学","n":1},{"subclass":"ENGINEERING, BIOMEDICAL","subclass_cn":"工程：生物医学","n":1},{"subclass":"ENGINEERING, CHEMICAL","subclass_cn":"工程：化工","n":1},{"subclass":"GEOCHEMISTRY & GEOPHYSICS","subclass_cn":"地球化学与地球物理","n":1},{"subclass":"GEOGRAPHY, PHYSICAL","subclass_cn":"自然地理","n":1},{"subclass":"LAW","subclass_cn":"法学","n":1},{"subclass":"LOGIC","subclass_cn":"逻辑学","n":1},{"subclass":"MATERIALS SCIENCE, MULTIDISCIPLINARY","subclass_cn":"材料科学：综合","n":1},{"subclass":"METEOROLOGY & ATMOSPHERIC SCIENCES","subclass_cn":"气象与大气科学","n":1},{"subclass":"PHYSICS, APPLIED","subclass_cn":"物理：应用","n":1},{"subclass":"PSYCHOLOGY, EXPERIMENTAL","subclass_cn":"心理学：实验","n":1},{"subclass":"PSYCHOLOGY, MATHEMATICAL","subclass_cn":"心理学：数学","n":1},{"subclass":"REMOTE SENSING","subclass_cn":"遥感","n":1},{"subclass":"SOCIAL SCIENCES, INTERDISCIPLINARY","subclass_cn":"社会科学：跨领域","n":1},{"subclass":"SOCIAL SCIENCES, MATHEMATICAL METHODS","subclass_cn":"社会科学：数理方法","n":1},{"subclass":"TRANSPORTATION SCIENCE & TECHNOLOGY","subclass_cn":"运输科技","n":1}]},{"class":"CHEMISTRY","class_cn":"化学","n_class":318,"subclasses":[{"subclass":"CHEMISTRY, MULTIDISCIPLINARY","subclass_cn":"化学综合","n":94},{"subclass":"CHEMISTRY, PHYSICAL","subclass_cn":"物理化学","n":71},{"subclass":"CHEMISTRY, ANALYTICAL","subclass_cn":"分析化学","n":50},{"subclass":"CHEMISTRY, ORGANIC","subclass_cn":"有机化学","n":46},{"subclass":"SPECTROSCOPY","subclass_cn":"光谱学","n":32},{"subclass":"POLYMER SCIENCE","subclass_cn":"高分子科学","n":29},{"subclass":"CHEMISTRY, INORGANIC & NUCLEAR","subclass_cn":"无机化学与核化学","n":27},{"subclass":"PHYSICS, ATOMIC, MOLECULAR & CHEMICAL","subclass_cn":"物理：原子、分子和化学物理","n":20},{"subclass":"BIOCHEMISTRY & MOLECULAR BIOLOGY","subclass_cn":"生化与分子生物学","n":16},{"subclass":"CHEMISTRY, APPLIED","subclass_cn":"应用化学","n":15},{"subclass":"BIOCHEMICAL RESEARCH METHODS","subclass_cn":"生化研究方法","n":13},{"subclass":"MATERIALS SCIENCE, MULTIDISCIPLINARY","subclass_cn":"材料科学：综合","n":12},{"subclass":"CHEMISTRY, MEDICINAL","subclass_cn":"药物化学","n":9},{"subclass":"CRYSTALLOGRAPHY","subclass_cn":"晶体学","n":8},{"subclass":"ELECTROCHEMISTRY","subclass_cn":"电化学","n":8},{"subclass":"ENGINEERING, CHEMICAL","subclass_cn":"工程：化工","n":8},{"subclass":"GREEN & SUSTAINABLE SCIENCE & TECHNOLOGY","subclass_cn":"绿色可持续发展技术","n":6},{"subclass":"PHYSICS, CONDENSED MATTER","subclass_cn":"物理：凝聚态物理","n":6},{"subclass":"COMPUTER SCIENCE, INTERDISCIPLINARY APPLICATIONS","subclass_cn":"计算机：跨学科应用","n":4},{"subclass":"MATHEMATICS, INTERDISCIPLINARY APPLICATIONS","subclass_cn":"数学跨学科应用","n":4},{"subclass":"NANOSCIENCE & NANOTECHNOLOGY","subclass_cn":"纳米科技","n":4},{"subclass":"BIOPHYSICS","subclass_cn":"生物物理","n":3},{"subclass":"INSTRUMENTS & INSTRUMENTATION","subclass_cn":"仪器仪表","n":3},{"subclass":"NUCLEAR SCIENCE & TECHNOLOGY","subclass_cn":"核科学技术","n":3},{"subclass":"PHARMACOLOGY & PHARMACY","subclass_cn":"药学","n":3},{"subclass":"COMPUTER SCIENCE, INFORMATION SYSTEMS","subclass_cn":"计算机：信息系统","n":2},{"subclass":"ENERGY & FUELS","subclass_cn":"能源与燃料","n":2},{"subclass":"ENVIRONMENTAL SCIENCES","subclass_cn":"环境科学","n":2},{"subclass":"THERMODYNAMICS","subclass_cn":"热力学","n":2},{"subclass":"ACOUSTICS","subclass_cn":"声学","n":1},{"subclass":"AUTOMATION & CONTROL SYSTEMS","subclass_cn":"自动化与控制系统","n":1},{"subclass":"BIOLOGY","subclass_cn":"生物学","n":1},{"subclass":"COMPUTER SCIENCE, ARTIFICIAL INTELLIGENCE","subclass_cn":"计算机：人工智能","n":1},{"subclass":"EDUCATION, SCIENTIFIC DISCIPLINES","subclass_cn":"学科教育","n":1},{"subclass":"ENGINEERING, ENVIRONMENTAL","subclass_cn":"工程：环境","n":1},{"subclass":"FOOD SCIENCE & TECHNOLOGY","subclass_cn":"食品科技","n":1},{"subclass":"GEOCHEMISTRY & GEOPHYSICS","subclass_cn":"地球化学与地球物理","n":1},{"subclass":"HISTORY & PHILOSOPHY OF SCIENCE","subclass_cn":"科学史与科学哲学","n":1},{"subclass":"MATHEMATICAL & COMPUTATIONAL BIOLOGY","subclass_cn":"数学与计算生物学","n":1},{"subclass":"PHYSICS, MULTIDISCIPLINARY","subclass_cn":"物理：综合","n":1},{"subclass":"QUANTUM SCIENCE & TECHNOLOGY","subclass_cn":"量子科技","n":1},{"subclass":"RADIOLOGY, NUCLEAR MEDICINE & MEDICAL IMAGING","subclass_cn":"核医学","n":1},{"subclass":"STATISTICS & PROBABILITY","subclass_cn":"统计学与概率论","n":1}]},{"class":"ENVIRONMENTAL SCIENCE & ECOLOGY","class_cn":"环境科学与生态学","n_class":288,"subclasses":[{"subclass":"ENVIRONMENTAL SCIENCES","subclass_cn":"环境科学","n":163},{"subclass":"ECOLOGY","subclass_cn":"生态学","n":88},{"subclass":"WATER RESOURCES","subclass_cn":"水资源","n":36},{"subclass":"BIODIVERSITY CONSERVATION","subclass_cn":"生物多样性保护","n":33},{"subclass":"ENGINEERING, ENVIRONMENTAL","subclass_cn":"工程：环境","n":32},{"subclass":"ENVIRONMENTAL STUDIES","subclass_cn":"环境研究","n":24},{"subclass":"MARINE & FRESHWATER BIOLOGY","subclass_cn":"海洋与淡水生物学","n":22},{"subclass":"TOXICOLOGY","subclass_cn":"毒理学","n":16},{"subclass":"GREEN & SUSTAINABLE SCIENCE & TECHNOLOGY","subclass_cn":"绿色可持续发展技术","n":14},{"subclass":"LIMNOLOGY","subclass_cn":"湖沼学","n":12},{"subclass":"PUBLIC, ENVIRONMENTAL & OCCUPATIONAL HEALTH","subclass_cn":"公共卫生、环境卫生与职业卫生","n":12},{"subclass":"METEOROLOGY & ATMOSPHERIC SCIENCES","subclass_cn":"气象与大气科学","n":11},{"subclass":"GEOSCIENCES, MULTIDISCIPLINARY","subclass_cn":"地球科学综合","n":7},{"subclass":"GENETICS & HEREDITY","subclass_cn":"遗传学","n":6},{"subclass":"PLANT SCIENCES","subclass_cn":"植物科学","n":6},{"subclass":"ENGINEERING, CIVIL","subclass_cn":"工程：土木","n":5},{"subclass":"GEOGRAPHY, PHYSICAL","subclass_cn":"自然地理","n":5},{"subclass":"MICROBIOLOGY","subclass_cn":"微生物学","n":5},{"subclass":"OCEANOGRAPHY","subclass_cn":"海洋学","n":5},{"subclass":"ZOOLOGY","subclass_cn":"动物学","n":5},{"subclass":"BIOTECHNOLOGY & APPLIED MICROBIOLOGY","subclass_cn":"生物工程与应用微生物","n":4},{"subclass":"ENGINEERING, CHEMICAL","subclass_cn":"工程：化工","n":4},{"subclass":"EVOLUTIONARY BIOLOGY","subclass_cn":"进化生物学","n":4},{"subclass":"FORESTRY","subclass_cn":"林学","n":4},{"subclass":"BIOCHEMISTRY & MOLECULAR BIOLOGY","subclass_cn":"生化与分子生物学","n":3},{"subclass":"CHEMISTRY, MULTIDISCIPLINARY","subclass_cn":"化学综合","n":3},{"subclass":"ECONOMICS","subclass_cn":"经济学","n":3},{"subclass":"GEOGRAPHY","subclass_cn":"地理学","n":3},{"subclass":"MATHEMATICS, INTERDISCIPLINARY APPLICATIONS","subclass_cn":"数学跨学科应用","n":3},{"subclass":"RADIOLOGY, NUCLEAR MEDICINE & MEDICAL IMAGING","subclass_cn":"核医学","n":3},{"subclass":"STATISTICS & PROBABILITY","subclass_cn":"统计学与概率论","n":3},{"subclass":"URBAN STUDIES","subclass_cn":"城市研究","n":3},{"subclass":"BIOLOGY","subclass_cn":"生物学","n":2},{"subclass":"CHEMISTRY, ANALYTICAL","subclass_cn":"分析化学","n":2},{"subclass":"COMPUTER SCIENCE, INTERDISCIPLINARY APPLICATIONS","subclass_cn":"计算机：跨学科应用","n":2},{"subclass":"EDUCATION & EDUCATIONAL RESEARCH","subclass_cn":"教育学和教育研究","n":2},{"subclass":"ENGINEERING, MECHANICAL","subclass_cn":"工程：机械","n":2},{"subclass":"NANOSCIENCE & NANOTECHNOLOGY","subclass_cn":"纳米科技","n":2},{"subclass":"NUCLEAR SCIENCE & TECHNOLOGY","subclass_cn":"核科学技术","n":2},{"subclass":"REGIONAL & URBAN PLANNING","subclass_cn":"区域与城市规划","n":2},{"subclass":"AGRICULTURE, MULTIDISCIPLINARY","subclass_cn":"农业综合","n":1},{"subclass":"BEHAVIORAL SCIENCES","subclass_cn":"行为科学","n":1},{"subclass":"BIOPHYSICS","subclass_cn":"生物物理","n":1},{"subclass":"CHEMISTRY, INORGANIC & NUCLEAR","subclass_cn":"无机化学与核化学","n":1},{"subclass":"CONSTRUCTION & BUILDING TECHNOLOGY","subclass_cn":"结构与建筑技术","n":1},{"subclass":"DEVELOPMENT STUDIES","subclass_cn":"发展研究","n":1},{"subclass":"ENDOCRINOLOGY & METABOLISM","subclass_cn":"内分泌学与代谢","n":1},{"subclass":"FISHERIES","subclass_cn":"渔业","n":1},{"subclass":"GEOLOGY","subclass_cn":"地质学","n":1},{"subclass":"MATHEMATICAL & COMPUTATIONAL BIOLOGY","subclass_cn":"数学与计算生物学","n":1},{"subclass":"MYCOLOGY","subclass_cn":"真菌学","n":1},{"subclass":"PHARMACOLOGY & PHARMACY","subclass_cn":"药学","n":1},{"subclass":"PHYSIOLOGY","subclass_cn":"生理学","n":1},{"subclass":"REMOTE SENSING","subclass_cn":"遥感","n":1}]},{"class":"HUMAN SCIENCE","class_cn":"人文科学","n_class":278,"subclasses":[{"subclass":"HISTORY & PHILOSOPHY OF SCIENCE","subclass_cn":"科学史与科学哲学","n":78},{"subclass":"LINGUISTICS","subclass_cn":"语言学","n":73},{"subclass":"HISTORY","subclass_cn":"历史学","n":69},{"subclass":"COMMUNICATION","subclass_cn":"传播学","n":49},{"subclass":"ETHICS","subclass_cn":"伦理学","n":28},{"subclass":"HISTORY OF SOCIAL SCIENCES","subclass_cn":"社会科学史","n":20},{"subclass":"MEDICAL ETHICS","subclass_cn":"医学：伦理","n":12},{"subclass":"ANTHROPOLOGY","subclass_cn":"人类学","n":10},{"subclass":"EDUCATION & EDUCATIONAL RESEARCH","subclass_cn":"教育学和教育研究","n":10},{"subclass":"POLITICAL SCIENCE","subclass_cn":"政治学","n":9},{"subclass":"ECONOMICS","subclass_cn":"经济学","n":8},{"subclass":"BUSINESS","subclass_cn":"商业：管理","n":7},{"subclass":"SOCIAL SCIENCES, BIOMEDICAL","subclass_cn":"社会科学：生物医学","n":7},{"subclass":"PSYCHOLOGY, EXPERIMENTAL","subclass_cn":"心理学：实验","n":6},{"subclass":"SOCIAL ISSUES","subclass_cn":"社会问题","n":6},{"subclass":"CULTURAL STUDIES","subclass_cn":"文化研究","n":4},{"subclass":"ENVIRONMENTAL STUDIES","subclass_cn":"环境研究","n":4},{"subclass":"HEALTH CARE SCIENCES & SERVICES","subclass_cn":"卫生保健与服务","n":4},{"subclass":"SOCIOLOGY","subclass_cn":"社会学","n":4},{"subclass":"PSYCHOLOGY, DEVELOPMENTAL","subclass_cn":"心理学：发育","n":3},{"subclass":"SOCIAL SCIENCES, INTERDISCIPLINARY","subclass_cn":"社会科学：跨领域","n":3},{"subclass":"AREA STUDIES","subclass_cn":"地域研究","n":2},{"subclass":"AUDIOLOGY & SPEECH-LANGUAGE PATHOLOGY","subclass_cn":"听力学与言语病理学","n":2},{"subclass":"FAMILY STUDIES","subclass_cn":"家庭研究","n":2},{"subclass":"GEOGRAPHY","subclass_cn":"地理学","n":2},{"subclass":"GEOSCIENCES, MULTIDISCIPLINARY","subclass_cn":"地球科学综合","n":2},{"subclass":"INDUSTRIAL RELATIONS & LABOR","subclass_cn":"劳动关系学","n":2},{"subclass":"INTERNATIONAL RELATIONS","subclass_cn":"国际关系学","n":2},{"subclass":"MULTIDISCIPLINARY SCIENCES","subclass_cn":"综合性期刊","n":2},{"subclass":"PSYCHOLOGY, SOCIAL","subclass_cn":"心理学：社会","n":2},{"subclass":"PUBLIC, ENVIRONMENTAL & OCCUPATIONAL HEALTH","subclass_cn":"公共卫生、环境卫生与职业卫生","n":2},{"subclass":"WOMENS STUDIES","subclass_cn":"女性研究","n":2},{"subclass":"ACOUSTICS","subclass_cn":"声学","n":1},{"subclass":"BIODIVERSITY CONSERVATION","subclass_cn":"生物多样性保护","n":1},{"subclass":"BIOLOGY","subclass_cn":"生物学","n":1},{"subclass":"ECOLOGY","subclass_cn":"生态学","n":1},{"subclass":"ENGINEERING, MULTIDISCIPLINARY","subclass_cn":"工程：综合","n":1},{"subclass":"HOSPITALITY, LEISURE, SPORT & TOURISM","subclass_cn":"酒店、休闲、体育与旅游","n":1},{"subclass":"INFORMATION SCIENCE & LIBRARY SCIENCE","subclass_cn":"图书情报与档案管理","n":1},{"subclass":"MATHEMATICS","subclass_cn":"数学","n":1},{"subclass":"MATHEMATICS, INTERDISCIPLINARY APPLICATIONS","subclass_cn":"数学跨学科应用","n":1},{"subclass":"NEUROSCIENCES","subclass_cn":"神经科学","n":1},{"subclass":"PSYCHIATRY","subclass_cn":"精神病学","n":1},{"subclass":"PSYCHOLOGY, EDUCATIONAL","subclass_cn":"心理学：教育","n":1},{"subclass":"URBAN STUDIES","subclass_cn":"城市研究","n":1}]},{"class":"MATHEMATICS","class_cn":"数学","n_class":274,"subclasses":[{"subclass":"MATHEMATICS, APPLIED","subclass_cn":"应用数学","n":133},{"subclass":"MATHEMATICS","subclass_cn":"数学","n":108},{"subclass":"STATISTICS & PROBABILITY","subclass_cn":"统计学与概率论","n":79},{"subclass":"MATHEMATICS, INTERDISCIPLINARY APPLICATIONS","subclass_cn":"数学跨学科应用","n":17},{"subclass":"PHYSICS, MATHEMATICAL","subclass_cn":"物理：数学物理","n":14},{"subclass":"MATHEMATICAL & COMPUTATIONAL BIOLOGY","subclass_cn":"数学与计算生物学","n":10},{"subclass":"OPERATIONS RESEARCH & MANAGEMENT SCIENCE","subclass_cn":"运筹学与管理科学","n":9},{"subclass":"COMPUTER SCIENCE, SOFTWARE ENGINEERING","subclass_cn":"计算机：软件工程","n":7},{"subclass":"COMPUTER SCIENCE, THEORY & METHODS","subclass_cn":"计算机：理论方法","n":7},{"subclass":"SOCIAL SCIENCES, MATHEMATICAL METHODS","subclass_cn":"社会科学：数理方法","n":7},{"subclass":"BIOLOGY","subclass_cn":"生物学","n":5},{"subclass":"COMPUTER SCIENCE, INTERDISCIPLINARY APPLICATIONS","subclass_cn":"计算机：跨学科应用","n":5},{"subclass":"MECHANICS","subclass_cn":"力学","n":4},{"subclass":"LOGIC","subclass_cn":"逻辑学","n":3},{"subclass":"MULTIDISCIPLINARY SCIENCES","subclass_cn":"综合性期刊","n":3},{"subclass":"PHYSICS, FLUIDS & PLASMAS","subclass_cn":"物理：流体与等离子体","n":3},{"subclass":"AUTOMATION & CONTROL SYSTEMS","subclass_cn":"自动化与控制系统","n":2},{"subclass":"COMPUTER SCIENCE, ARTIFICIAL INTELLIGENCE","subclass_cn":"计算机：人工智能","n":2},{"subclass":"PHYSICS, MULTIDISCIPLINARY","subclass_cn":"物理：综合","n":2},{"subclass":"BIOCHEMISTRY & MOLECULAR BIOLOGY","subclass_cn":"生化与分子生物学","n":1},{"subclass":"ECONOMICS","subclass_cn":"经济学","n":1},{"subclass":"EDUCATION & EDUCATIONAL RESEARCH","subclass_cn":"教育学和教育研究","n":1},{"subclass":"IMAGING SCIENCE & PHOTOGRAPHIC TECHNOLOGY","subclass_cn":"成像科学与照相技术","n":1},{"subclass":"LAW","subclass_cn":"法学","n":1}]},{"class":"ECONOMICS","class_cn":"经济学","n_class":256,"subclasses":[{"subclass":"ECONOMICS","subclass_cn":"经济学","n":209},{"subclass":"BUSINESS, FINANCE","subclass_cn":"商业：财政与金融","n":29},{"subclass":"ENVIRONMENTAL STUDIES","subclass_cn":"环境研究","n":27},{"subclass":"URBAN STUDIES","subclass_cn":"城市研究","n":23},{"subclass":"SOCIAL SCIENCES, MATHEMATICAL METHODS","subclass_cn":"社会科学：数理方法","n":19},{"subclass":"REGIONAL & URBAN PLANNING","subclass_cn":"区域与城市规划","n":18},{"subclass":"DEVELOPMENT STUDIES","subclass_cn":"发展研究","n":17},{"subclass":"MATHEMATICS, INTERDISCIPLINARY APPLICATIONS","subclass_cn":"数学跨学科应用","n":13},{"subclass":"GEOGRAPHY","subclass_cn":"地理学","n":12},{"subclass":"MANAGEMENT","subclass_cn":"管理学","n":8},{"subclass":"AGRICULTURAL ECONOMICS & POLICY","subclass_cn":"农业经济与政策","n":7},{"subclass":"POLITICAL SCIENCE","subclass_cn":"政治学","n":7},{"subclass":"STATISTICS & PROBABILITY","subclass_cn":"统计学与概率论","n":7},{"subclass":"INDUSTRIAL RELATIONS & LABOR","subclass_cn":"劳动关系学","n":5},{"subclass":"INTERNATIONAL RELATIONS","subclass_cn":"国际关系学","n":5},{"subclass":"AREA STUDIES","subclass_cn":"地域研究","n":4},{"subclass":"BUSINESS","subclass_cn":"商业：管理","n":4},{"subclass":"HEALTH POLICY & SERVICES","subclass_cn":"卫生政策与服务","n":4},{"subclass":"LAW","subclass_cn":"法学","n":4},{"subclass":"DEMOGRAPHY","subclass_cn":"人口学","n":3},{"subclass":"SOCIOLOGY","subclass_cn":"社会学","n":3},{"subclass":"EDUCATION & EDUCATIONAL RESEARCH","subclass_cn":"教育学和教育研究","n":2},{"subclass":"ENVIRONMENTAL SCIENCES","subclass_cn":"环境科学","n":2},{"subclass":"OPERATIONS RESEARCH & MANAGEMENT SCIENCE","subclass_cn":"运筹学与管理科学","n":2},{"subclass":"ECOLOGY","subclass_cn":"生态学","n":1},{"subclass":"ENERGY & FUELS","subclass_cn":"能源与燃料","n":1},{"subclass":"ENGINEERING, INDUSTRIAL","subclass_cn":"工程：工业","n":1},{"subclass":"FOOD SCIENCE & TECHNOLOGY","subclass_cn":"食品科技","n":1},{"subclass":"GERONTOLOGY","subclass_cn":"老年医学","n":1},{"subclass":"HEALTH CARE SCIENCES & SERVICES","subclass_cn":"卫生保健与服务","n":1},{"subclass":"HISTORY","subclass_cn":"历史学","n":1},{"subclass":"HISTORY OF SOCIAL SCIENCES","subclass_cn":"社会科学史","n":1},{"subclass":"HOSPITALITY, LEISURE, SPORT & TOURISM","subclass_cn":"酒店、休闲、体育与旅游","n":1},{"subclass":"PSYCHOLOGY, APPLIED","subclass_cn":"心理学：应用","n":1},{"subclass":"PSYCHOLOGY, MULTIDISCIPLINARY","subclass_cn":"心理学：综合","n":1},{"subclass":"PUBLIC ADMINISTRATION","subclass_cn":"公共管理","n":1},{"subclass":"WOMENS STUDIES","subclass_cn":"女性研究","n":1}]},{"class":"GEOSCIENCE","class_cn":"地球科学","n_class":243,"subclasses":[{"subclass":"GEOSCIENCES, MULTIDISCIPLINARY","subclass_cn":"地球科学综合","n":92},{"subclass":"GEOCHEMISTRY & GEOPHYSICS","subclass_cn":"地球化学与地球物理","n":43},{"subclass":"METEOROLOGY & ATMOSPHERIC SCIENCES","subclass_cn":"气象与大气科学","n":43},{"subclass":"GEOGRAPHY, PHYSICAL","subclass_cn":"自然地理","n":27},{"subclass":"OCEANOGRAPHY","subclass_cn":"海洋学","n":25},{"subclass":"PALEONTOLOGY","subclass_cn":"古生物学","n":24},{"subclass":"ENVIRONMENTAL SCIENCES","subclass_cn":"环境科学","n":16},{"subclass":"MINERALOGY","subclass_cn":"矿物学","n":15},{"subclass":"GEOGRAPHY","subclass_cn":"地理学","n":13},{"subclass":"GEOLOGY","subclass_cn":"地质学","n":11},{"subclass":"REMOTE SENSING","subclass_cn":"遥感","n":11},{"subclass":"WATER RESOURCES","subclass_cn":"水资源","n":11},{"subclass":"ASTRONOMY & ASTROPHYSICS","subclass_cn":"天文与天体物理","n":6},{"subclass":"ENGINEERING, GEOLOGICAL","subclass_cn":"工程：地质","n":5},{"subclass":"MARINE & FRESHWATER BIOLOGY","subclass_cn":"海洋与淡水生物学","n":5},{"subclass":"ANTHROPOLOGY","subclass_cn":"人类学","n":4},{"subclass":"LIMNOLOGY","subclass_cn":"湖沼学","n":4},{"subclass":"CHEMISTRY, PHYSICAL","subclass_cn":"物理化学","n":3},{"subclass":"COMPUTER SCIENCE, INTERDISCIPLINARY APPLICATIONS","subclass_cn":"计算机：跨学科应用","n":3},{"subclass":"ENVIRONMENTAL STUDIES","subclass_cn":"环境研究","n":3},{"subclass":"IMAGING SCIENCE & PHOTOGRAPHIC TECHNOLOGY","subclass_cn":"成像科学与照相技术","n":3},{"subclass":"MATERIALS SCIENCE, MULTIDISCIPLINARY","subclass_cn":"材料科学：综合","n":3},{"subclass":"MINING & MINERAL PROCESSING","subclass_cn":"矿业与矿物加工","n":3},{"subclass":"COMPUTER SCIENCE, INFORMATION SYSTEMS","subclass_cn":"计算机：信息系统","n":2},{"subclass":"ENGINEERING, OCEAN","subclass_cn":"工程：大洋","n":2},{"subclass":"EVOLUTIONARY BIOLOGY","subclass_cn":"进化生物学","n":2},{"subclass":"MATHEMATICS, INTERDISCIPLINARY APPLICATIONS","subclass_cn":"数学跨学科应用","n":2},{"subclass":"PLANT SCIENCES","subclass_cn":"植物科学","n":2},{"subclass":"BIODIVERSITY CONSERVATION","subclass_cn":"生物多样性保护","n":1},{"subclass":"BIOLOGY","subclass_cn":"生物学","n":1},{"subclass":"BIOPHYSICS","subclass_cn":"生物物理","n":1},{"subclass":"CHEMISTRY, ANALYTICAL","subclass_cn":"分析化学","n":1},{"subclass":"CHEMISTRY, INORGANIC & NUCLEAR","subclass_cn":"无机化学与核化学","n":1},{"subclass":"CHEMISTRY, MULTIDISCIPLINARY","subclass_cn":"化学综合","n":1},{"subclass":"ECOLOGY","subclass_cn":"生态学","n":1},{"subclass":"ENGINEERING, AEROSPACE","subclass_cn":"工程：宇航","n":1},{"subclass":"ENGINEERING, CIVIL","subclass_cn":"工程：土木","n":1},{"subclass":"ENGINEERING, MARINE","subclass_cn":"工程：海洋","n":1},{"subclass":"INFORMATION SCIENCE & LIBRARY SCIENCE","subclass_cn":"图书情报与档案管理","n":1},{"subclass":"PATHOLOGY","subclass_cn":"病理学","n":1},{"subclass":"PHYSICS, FLUIDS & PLASMAS","subclass_cn":"物理：流体与等离子体","n":1},{"subclass":"PHYSIOLOGY","subclass_cn":"生理学","n":1},{"subclass":"REGIONAL & URBAN PLANNING","subclass_cn":"区域与城市规划","n":1},{"subclass":"SOIL SCIENCE","subclass_cn":"土壤科学","n":1}]},{"class":"MATERIAL SCIENCE","class_cn":"材料科学","n_class":212,"subclasses":[{"subclass":"MATERIALS SCIENCE, MULTIDISCIPLINARY","subclass_cn":"材料科学：综合","n":156},{"subclass":"NANOSCIENCE & NANOTECHNOLOGY","subclass_cn":"纳米科技","n":49},{"subclass":"PHYSICS, APPLIED","subclass_cn":"物理：应用","n":48},{"subclass":"CHEMISTRY, PHYSICAL","subclass_cn":"物理化学","n":33},{"subclass":"CHEMISTRY, MULTIDISCIPLINARY","subclass_cn":"化学综合","n":22},{"subclass":"METALLURGY & METALLURGICAL ENGINEERING","subclass_cn":"冶金工程","n":22},{"subclass":"PHYSICS, CONDENSED MATTER","subclass_cn":"物理：凝聚态物理","n":21},{"subclass":"ENERGY & FUELS","subclass_cn":"能源与燃料","n":11},{"subclass":"MATERIALS SCIENCE, COATINGS & FILMS","subclass_cn":"材料科学：膜","n":11},{"subclass":"MATERIALS SCIENCE, CHARACTERIZATION & TESTING","subclass_cn":"材料科学：表征与测试","n":10},{"subclass":"POLYMER SCIENCE","subclass_cn":"高分子科学","n":9},{"subclass":"CRYSTALLOGRAPHY","subclass_cn":"晶体学","n":8},{"subclass":"MATERIALS SCIENCE, COMPOSITES","subclass_cn":"材料科学：复合","n":8},{"subclass":"ENGINEERING, CHEMICAL","subclass_cn":"工程：化工","n":7},{"subclass":"MATERIALS SCIENCE, CERAMICS","subclass_cn":"材料科学：硅酸盐","n":7},{"subclass":"MATERIALS SCIENCE, PAPER & WOOD","subclass_cn":"材料科学：纸与木材","n":6},{"subclass":"ENGINEERING, MECHANICAL","subclass_cn":"工程：机械","n":5},{"subclass":"MECHANICS","subclass_cn":"力学","n":5},{"subclass":"CHEMISTRY, APPLIED","subclass_cn":"应用化学","n":4},{"subclass":"ENGINEERING, MANUFACTURING","subclass_cn":"工程：制造","n":4},{"subclass":"MATERIALS SCIENCE, TEXTILES","subclass_cn":"材料科学：纺织","n":4},{"subclass":"ELECTROCHEMISTRY","subclass_cn":"电化学","n":3},{"subclass":"ENGINEERING, BIOMEDICAL","subclass_cn":"工程：生物医学","n":3},{"subclass":"GREEN & SUSTAINABLE SCIENCE & TECHNOLOGY","subclass_cn":"绿色可持续发展技术","n":3},{"subclass":"MATERIALS SCIENCE, BIOMATERIALS","subclass_cn":"材料科学：生物材料","n":3},{"subclass":"OPTICS","subclass_cn":"光学","n":3},{"subclass":"ENGINEERING, ELECTRICAL & ELECTRONIC","subclass_cn":"工程：电子与电气","n":2},{"subclass":"FORESTRY","subclass_cn":"林学","n":2},{"subclass":"INSTRUMENTS & INSTRUMENTATION","subclass_cn":"仪器仪表","n":2},{"subclass":"MINING & MINERAL PROCESSING","subclass_cn":"矿业与矿物加工","n":2},{"subclass":"BIOTECHNOLOGY & APPLIED MICROBIOLOGY","subclass_cn":"生物工程与应用微生物","n":1},{"subclass":"ENGINEERING, INDUSTRIAL","subclass_cn":"工程：工业","n":1},{"subclass":"ENVIRONMENTAL SCIENCES","subclass_cn":"环境科学","n":1},{"subclass":"MINERALOGY","subclass_cn":"矿物学","n":1},{"subclass":"QUANTUM SCIENCE & TECHNOLOGY","subclass_cn":"量子科技","n":1},{"subclass":"THERMODYNAMICS","subclass_cn":"热力学","n":1}]},{"class":"PHYSICS & ASTROPHYSICS","class_cn":"物理与天体物理","n_class":186,"subclasses":[{"subclass":"PHYSICS, MULTIDISCIPLINARY","subclass_cn":"物理：综合","n":48},{"subclass":"OPTICS","subclass_cn":"光学","n":39},{"subclass":"PHYSICS, APPLIED","subclass_cn":"物理：应用","n":34},{"subclass":"ASTRONOMY & ASTROPHYSICS","subclass_cn":"天文与天体物理","n":27},{"subclass":"PHYSICS, CONDENSED MATTER","subclass_cn":"物理：凝聚态物理","n":22},{"subclass":"PHYSICS, MATHEMATICAL","subclass_cn":"物理：数学物理","n":18},{"subclass":"PHYSICS, PARTICLES & FIELDS","subclass_cn":"物理：粒子与场物理","n":17},{"subclass":"PHYSICS, NUCLEAR","subclass_cn":"物理：核物理","n":10},{"subclass":"MATERIALS SCIENCE, MULTIDISCIPLINARY","subclass_cn":"材料科学：综合","n":9},{"subclass":"PHYSICS, ATOMIC, MOLECULAR & CHEMICAL","subclass_cn":"物理：原子、分子和化学物理","n":9},{"subclass":"PHYSICS, FLUIDS & PLASMAS","subclass_cn":"物理：流体与等离子体","n":9},{"subclass":"QUANTUM SCIENCE & TECHNOLOGY","subclass_cn":"量子科技","n":7},{"subclass":"ACOUSTICS","subclass_cn":"声学","n":6},{"subclass":"NANOSCIENCE & NANOTECHNOLOGY","subclass_cn":"纳米科技","n":6},{"subclass":"SPECTROSCOPY","subclass_cn":"光谱学","n":6},{"subclass":"CHEMISTRY, PHYSICAL","subclass_cn":"物理化学","n":4},{"subclass":"ENGINEERING, ELECTRICAL & ELECTRONIC","subclass_cn":"工程：电子与电气","n":4},{"subclass":"INSTRUMENTS & INSTRUMENTATION","subclass_cn":"仪器仪表","n":4},{"subclass":"BIOLOGY","subclass_cn":"生物学","n":3},{"subclass":"COMPUTER SCIENCE, INTERDISCIPLINARY APPLICATIONS","subclass_cn":"计算机：跨学科应用","n":3},{"subclass":"GEOSCIENCES, MULTIDISCIPLINARY","subclass_cn":"地球科学综合","n":3},{"subclass":"EDUCATION, SCIENTIFIC DISCIPLINES","subclass_cn":"学科教育","n":2},{"subclass":"MATHEMATICS, INTERDISCIPLINARY APPLICATIONS","subclass_cn":"数学跨学科应用","n":2},{"subclass":"MECHANICS","subclass_cn":"力学","n":2},{"subclass":"NUCLEAR SCIENCE & TECHNOLOGY","subclass_cn":"核科学技术","n":2},{"subclass":"POLYMER SCIENCE","subclass_cn":"高分子科学","n":2},{"subclass":"AUDIOLOGY & SPEECH-LANGUAGE PATHOLOGY","subclass_cn":"听力学与言语病理学","n":1},{"subclass":"BIOCHEMICAL RESEARCH METHODS","subclass_cn":"生化研究方法","n":1},{"subclass":"BIOPHYSICS","subclass_cn":"生物物理","n":1},{"subclass":"COMPUTER SCIENCE, THEORY & METHODS","subclass_cn":"计算机：理论方法","n":1},{"subclass":"GEOCHEMISTRY & GEOPHYSICS","subclass_cn":"地球化学与地球物理","n":1},{"subclass":"METEOROLOGY & ATMOSPHERIC SCIENCES","subclass_cn":"气象与大气科学","n":1},{"subclass":"RADIOLOGY, NUCLEAR MEDICINE & MEDICAL IMAGING","subclass_cn":"核医学","n":1}]},{"class":"PEDAGOGY","class_cn":"教育学","n_class":165,"subclasses":[{"subclass":"EDUCATION & EDUCATIONAL RESEARCH","subclass_cn":"教育学和教育研究","n":120},{"subclass":"EDUCATION, SPECIAL","subclass_cn":"特殊教育学","n":23},{"subclass":"EDUCATION, SCIENTIFIC DISCIPLINES","subclass_cn":"学科教育","n":20},{"subclass":"REHABILITATION","subclass_cn":"康复医学","n":14},{"subclass":"PSYCHOLOGY, EDUCATIONAL","subclass_cn":"心理学：教育","n":13},{"subclass":"HOSPITALITY, LEISURE, SPORT & TOURISM","subclass_cn":"酒店、休闲、体育与旅游","n":9},{"subclass":"HEALTH CARE SCIENCES & SERVICES","subclass_cn":"卫生保健与服务","n":6},{"subclass":"SOCIOLOGY","subclass_cn":"社会学","n":6},{"subclass":"PSYCHOLOGY, APPLIED","subclass_cn":"心理学：应用","n":4},{"subclass":"SPORT SCIENCES","subclass_cn":"运动科学","n":4},{"subclass":"PSYCHOLOGY, DEVELOPMENTAL","subclass_cn":"心理学：发育","n":3},{"subclass":"COMPUTER SCIENCE, INTERDISCIPLINARY APPLICATIONS","subclass_cn":"计算机：跨学科应用","n":2},{"subclass":"URBAN STUDIES","subclass_cn":"城市研究","n":2},{"subclass":"ANTHROPOLOGY","subclass_cn":"人类学","n":1},{"subclass":"BIOCHEMISTRY & MOLECULAR BIOLOGY","subclass_cn":"生化与分子生物学","n":1},{"subclass":"BIOLOGY","subclass_cn":"生物学","n":1},{"subclass":"CULTURAL STUDIES","subclass_cn":"文化研究","n":1},{"subclass":"DENTISTRY, ORAL SURGERY & MEDICINE","subclass_cn":"牙科与口腔外科","n":1},{"subclass":"ECONOMICS","subclass_cn":"经济学","n":1},{"subclass":"GERONTOLOGY","subclass_cn":"老年医学","n":1},{"subclass":"HEMATOLOGY","subclass_cn":"血液学","n":1},{"subclass":"HISTORY","subclass_cn":"历史学","n":1},{"subclass":"HISTORY & PHILOSOPHY OF SCIENCE","subclass_cn":"科学史与科学哲学","n":1},{"subclass":"HISTORY OF SOCIAL SCIENCES","subclass_cn":"社会科学史","n":1},{"subclass":"INFORMATION SCIENCE & LIBRARY SCIENCE","subclass_cn":"图书情报与档案管理","n":1},{"subclass":"MATERIALS SCIENCE, MULTIDISCIPLINARY","subclass_cn":"材料科学：综合","n":1},{"subclass":"PHARMACOLOGY & PHARMACY","subclass_cn":"药学","n":1},{"subclass":"PHYSICS, MULTIDISCIPLINARY","subclass_cn":"物理：综合","n":1},{"subclass":"PHYSIOLOGY","subclass_cn":"生理学","n":1},{"subclass":"PSYCHOLOGY, SOCIAL","subclass_cn":"心理学：社会","n":1},{"subclass":"PUBLIC, ENVIRONMENTAL & OCCUPATIONAL HEALTH","subclass_cn":"公共卫生、环境卫生与职业卫生","n":1}]},{"class":"MANAGEMENT SCIENCE","class_cn":"管理学","n_class":163,"subclasses":[{"subclass":"MANAGEMENT","subclass_cn":"管理学","n":70},{"subclass":"BUSINESS","subclass_cn":"商业：管理","n":44},{"subclass":"INFORMATION SCIENCE & LIBRARY SCIENCE","subclass_cn":"图书情报与档案管理","n":32},{"subclass":"PUBLIC ADMINISTRATION","subclass_cn":"公共管理","n":22},{"subclass":"PSYCHOLOGY, APPLIED","subclass_cn":"心理学：应用","n":13},{"subclass":"OPERATIONS RESEARCH & MANAGEMENT SCIENCE","subclass_cn":"运筹学与管理科学","n":12},{"subclass":"INDUSTRIAL RELATIONS & LABOR","subclass_cn":"劳动关系学","n":11},{"subclass":"COMPUTER SCIENCE, INFORMATION SYSTEMS","subclass_cn":"计算机：信息系统","n":9},{"subclass":"POLITICAL SCIENCE","subclass_cn":"政治学","n":8},{"subclass":"ECONOMICS","subclass_cn":"经济学","n":6},{"subclass":"ENVIRONMENTAL STUDIES","subclass_cn":"环境研究","n":6},{"subclass":"HOSPITALITY, LEISURE, SPORT & TOURISM","subclass_cn":"酒店、休闲、体育与旅游","n":6},{"subclass":"COMPUTER SCIENCE, INTERDISCIPLINARY APPLICATIONS","subclass_cn":"计算机：跨学科应用","n":5},{"subclass":"SOCIAL SCIENCES, INTERDISCIPLINARY","subclass_cn":"社会科学：跨领域","n":5},{"subclass":"ETHICS","subclass_cn":"伦理学","n":4},{"subclass":"COMMUNICATION","subclass_cn":"传播学","n":3},{"subclass":"DEVELOPMENT STUDIES","subclass_cn":"发展研究","n":3},{"subclass":"ENGINEERING, INDUSTRIAL","subclass_cn":"工程：工业","n":3},{"subclass":"BUSINESS, FINANCE","subclass_cn":"商业：财政与金融","n":2},{"subclass":"ERGONOMICS","subclass_cn":"人体工程学","n":2},{"subclass":"REGIONAL & URBAN PLANNING","subclass_cn":"区域与城市规划","n":2},{"subclass":"SOCIAL SCIENCES, MATHEMATICAL METHODS","subclass_cn":"社会科学：数理方法","n":2},{"subclass":"SOCIOLOGY","subclass_cn":"社会学","n":2},{"subclass":"ENGINEERING, MANUFACTURING","subclass_cn":"工程：制造","n":1},{"subclass":"ENGINEERING, MULTIDISCIPLINARY","subclass_cn":"工程：综合","n":1},{"subclass":"HEALTH CARE SCIENCES & SERVICES","subclass_cn":"卫生保健与服务","n":1},{"subclass":"HISTORY & PHILOSOPHY OF SCIENCE","subclass_cn":"科学史与科学哲学","n":1},{"subclass":"HISTORY OF SOCIAL SCIENCES","subclass_cn":"社会科学史","n":1},{"subclass":"LAW","subclass_cn":"法学","n":1},{"subclass":"MATHEMATICS, INTERDISCIPLINARY APPLICATIONS","subclass_cn":"数学跨学科应用","n":1},{"subclass":"MEDICAL INFORMATICS","subclass_cn":"医学：信息","n":1},{"subclass":"PSYCHOLOGY","subclass_cn":"心理学","n":1},{"subclass":"PSYCHOLOGY, SOCIAL","subclass_cn":"心理学：社会","n":1},{"subclass":"SOCIAL ISSUES","subclass_cn":"社会问题","n":1},{"subclass":"TELECOMMUNICATIONS","subclass_cn":"电信学","n":1},{"subclass":"WOMENS STUDIES","subclass_cn":"女性研究","n":1}]},{"class":"MULTIDISCIPLINARY SCIENCES","class_cn":"综合性期刊","n_class":43,"subclasses":[{"subclass":"MULTIDISCIPLINARY SCIENCES","subclass_cn":"综合性期刊","n":41},{"subclass":"CHEMISTRY, ANALYTICAL","subclass_cn":"分析化学","n":1},{"subclass":"ECOLOGY","subclass_cn":"生态学","n":1},{"subclass":"GEOSCIENCES, MULTIDISCIPLINARY","subclass_cn":"地球科学综合","n":1},{"subclass":"HISTORY & PHILOSOPHY OF SCIENCE","subclass_cn":"科学史与科学哲学","n":1},{"subclass":"INFORMATION SCIENCE & LIBRARY SCIENCE","subclass_cn":"图书情报与档案管理","n":1},{"subclass":"MATERIALS SCIENCE, MULTIDISCIPLINARY","subclass_cn":"材料科学：综合","n":1},{"subclass":"MATHEMATICAL & COMPUTATIONAL BIOLOGY","subclass_cn":"数学与计算生物学","n":1},{"subclass":"SOCIAL SCIENCES, INTERDISCIPLINARY","subclass_cn":"社会科学：跨领域","n":1},{"subclass":"SPECTROSCOPY","subclass_cn":"光谱学","n":1}]}]
