[{"class":"MEDICINE","class_cn":"医学","n_class":3454,"subclasses":[{"subclass":"NEUROSCIENCES","subclass_cn":"神经科学","n":251},{"subclass":"PHARMACOLOGY & PHARMACY","subclass_cn":"药学","n":248},{"subclass":"ONCOLOGY","subclass_cn":"肿瘤学","n":234},{"subclass":"SURGERY","subclass_cn":"外科","n":206},{"subclass":"CLINICAL NEUROLOGY","subclass_cn":"临床神经病学","n":202},{"subclass":"PUBLIC, ENVIRONMENTAL & OCCUPATIONAL HEALTH","subclass_cn":"公共卫生、环境卫生与职业卫生","n":177},{"subclass":"MEDICINE, GENERAL & INTERNAL","subclass_cn":"医学：内科","n":163},{"subclass":"IMMUNOLOGY","subclass_cn":"免疫学","n":152},{"subclass":"PSYCHIATRY","subclass_cn":"精神病学","n":150},{"subclass":"CARDIAC & CARDIOVASCULAR SYSTEMS","subclass_cn":"心脏和心血管系统","n":135},{"subclass":"MEDICINE, RESEARCH & EXPERIMENTAL","subclass_cn":"医学：研究与实验","n":132},{"subclass":"PEDIATRICS","subclass_cn":"儿科","n":129},{"subclass":"ENDOCRINOLOGY & METABOLISM","subclass_cn":"内分泌学与代谢","n":128},{"subclass":"RADIOLOGY, NUCLEAR MEDICINE & MEDICAL IMAGING","subclass_cn":"核医学","n":124},{"subclass":"NURSING","subclass_cn":"护理","n":122},{"subclass":"HEALTH CARE SCIENCES & SERVICES","subclass_cn":"卫生保健与服务","n":100},{"subclass":"DENTISTRY, ORAL SURGERY & MEDICINE","subclass_cn":"牙科与口腔外科","n":88},{"subclass":"GASTROENTEROLOGY & HEPATOLOGY","subclass_cn":"胃肠肝病学","n":88},{"subclass":"INFECTIOUS DISEASES","subclass_cn":"传染病学","n":88},{"subclass":"UROLOGY & NEPHROLOGY","subclass_cn":"泌尿学与肾脏学","n":86},{"subclass":"OBSTETRICS & GYNECOLOGY","subclass_cn":"妇产科学","n":81},{"subclass":"ORTHOPEDICS","subclass_cn":"骨科","n":81},{"subclass":"HEMATOLOGY","subclass_cn":"血液学","n":76},{"subclass":"SPORT SCIENCES","subclass_cn":"运动科学","n":75},{"subclass":"PATHOLOGY","subclass_cn":"病理学","n":72},{"subclass":"PSYCHOLOGY","subclass_cn":"心理学","n":70},{"subclass":"NUTRITION & DIETETICS","subclass_cn":"营养学","n":66},{"subclass":"PERIPHERAL VASCULAR DISEASE","subclass_cn":"外周血管病","n":65},{"subclass":"REHABILITATION","subclass_cn":"康复医学","n":65},{"subclass":"DERMATOLOGY","subclass_cn":"皮肤病学","n":64},{"subclass":"ENGINEERING, BIOMEDICAL","subclass_cn":"工程：生物医学","n":64},{"subclass":"RESPIRATORY SYSTEM","subclass_cn":"呼吸系统","n":62},{"subclass":"CELL BIOLOGY","subclass_cn":"细胞生物学","n":60},{"subclass":"OPHTHALMOLOGY","subclass_cn":"眼科学","n":60},{"subclass":"TOXICOLOGY","subclass_cn":"毒理学","n":59},{"subclass":"BIOCHEMISTRY & MOLECULAR BIOLOGY","subclass_cn":"生化与分子生物学","n":58},{"subclass":"GENETICS & HEREDITY","subclass_cn":"遗传学","n":58},{"subclass":"PHYSIOLOGY","subclass_cn":"生理学","n":58},{"subclass":"CHEMISTRY, MEDICINAL","subclass_cn":"药物化学","n":50},{"subclass":"GERIATRICS & GERONTOLOGY","subclass_cn":"老年医学","n":50},{"subclass":"MICROBIOLOGY","subclass_cn":"微生物学","n":48},{"subclass":"OTORHINOLARYNGOLOGY","subclass_cn":"耳鼻喉科学","n":41},{"subclass":"BEHAVIORAL SCIENCES","subclass_cn":"行为科学","n":37},{"subclass":"CRITICAL CARE MEDICINE","subclass_cn":"危重病医学","n":35},{"subclass":"VIROLOGY","subclass_cn":"病毒学","n":34},{"subclass":"PARASITOLOGY","subclass_cn":"寄生虫学","n":32},{"subclass":"ANESTHESIOLOGY","subclass_cn":"麻醉学","n":31},{"subclass":"RHEUMATOLOGY","subclass_cn":"风湿病学","n":30},{"subclass":"EMERGENCY MEDICINE","subclass_cn":"急救医学","n":28},{"subclass":"ALLERGY","subclass_cn":"过敏","n":27},{"subclass":"INTEGRATIVE & COMPLEMENTARY MEDICINE","subclass_cn":"全科医学与补充医学","n":27},{"subclass":"MEDICAL LABORATORY TECHNOLOGY","subclass_cn":"医学实验技术","n":26},{"subclass":"BIOTECHNOLOGY & APPLIED MICROBIOLOGY","subclass_cn":"生物工程与应用微生物","n":25},{"subclass":"AUDIOLOGY & SPEECH-LANGUAGE PATHOLOGY","subclass_cn":"听力学与言语病理学","n":24},{"subclass":"TRANSPLANTATION","subclass_cn":"移植","n":24},{"subclass":"MEDICAL INFORMATICS","subclass_cn":"医学：信息","n":23},{"subclass":"TROPICAL MEDICINE","subclass_cn":"热带医学","n":23},{"subclass":"CELL & TISSUE ENGINEERING","subclass_cn":"细胞与组织工程","n":22},{"subclass":"SUBSTANCE ABUSE","subclass_cn":"药物滥用","n":20},{"subclass":"PRIMARY HEALTH CARE","subclass_cn":"初级卫生保健","n":18},{"subclass":"EDUCATION, SCIENTIFIC DISCIPLINES","subclass_cn":"学科教育","n":17},{"subclass":"REPRODUCTIVE BIOLOGY","subclass_cn":"生殖生物学","n":17},{"subclass":"BIOCHEMICAL RESEARCH METHODS","subclass_cn":"生化研究方法","n":16},{"subclass":"ENVIRONMENTAL SCIENCES","subclass_cn":"环境科学","n":16},{"subclass":"MEDICAL ETHICS","subclass_cn":"医学：伦理","n":16},{"subclass":"MEDICINE, LEGAL","subclass_cn":"医学：法","n":15},{"subclass":"ANATOMY & MORPHOLOGY","subclass_cn":"解剖学与形态学","n":14},{"subclass":"BIOPHYSICS","subclass_cn":"生物物理","n":14},{"subclass":"BIOLOGY","subclass_cn":"生物学","n":13},{"subclass":"NEUROIMAGING","subclass_cn":"神经成像","n":13},{"subclass":"FOOD SCIENCE & TECHNOLOGY","subclass_cn":"食品科技","n":12},{"subclass":"COMPUTER SCIENCE, INTERDISCIPLINARY APPLICATIONS","subclass_cn":"计算机：跨学科应用","n":10},{"subclass":"DEVELOPMENTAL BIOLOGY","subclass_cn":"发育生物学","n":10},{"subclass":"MATHEMATICAL & COMPUTATIONAL BIOLOGY","subclass_cn":"数学与计算生物学","n":10},{"subclass":"ZOOLOGY","subclass_cn":"动物学","n":10},{"subclass":"CHEMISTRY, ANALYTICAL","subclass_cn":"分析化学","n":9},{"subclass":"CHEMISTRY, MULTIDISCIPLINARY","subclass_cn":"化学综合","n":9},{"subclass":"MATHEMATICS, INTERDISCIPLINARY APPLICATIONS","subclass_cn":"数学跨学科应用","n":9},{"subclass":"ANDROLOGY","subclass_cn":"男科学","n":8},{"subclass":"MATERIALS SCIENCE, BIOMATERIALS","subclass_cn":"材料科学：生物材料","n":8},{"subclass":"ACOUSTICS","subclass_cn":"声学","n":7},{"subclass":"STATISTICS & PROBABILITY","subclass_cn":"统计学与概率论","n":7},{"subclass":"VETERINARY SCIENCES","subclass_cn":"兽医学","n":7},{"subclass":"NANOSCIENCE & NANOTECHNOLOGY","subclass_cn":"纳米科技","n":6},{"subclass":"PLANT SCIENCES","subclass_cn":"植物科学","n":6},{"subclass":"OPTICS","subclass_cn":"光学","n":5},{"subclass":"CHEMISTRY, APPLIED","subclass_cn":"应用化学","n":4},{"subclass":"COMPUTER SCIENCE, ARTIFICIAL INTELLIGENCE","subclass_cn":"计算机：人工智能","n":4},{"subclass":"HISTORY & PHILOSOPHY OF SCIENCE","subclass_cn":"科学史与科学哲学","n":4},{"subclass":"INSTRUMENTS & INSTRUMENTATION","subclass_cn":"仪器仪表","n":3},{"subclass":"MYCOLOGY","subclass_cn":"真菌学","n":3},{"subclass":"NUCLEAR SCIENCE & TECHNOLOGY","subclass_cn":"核科学技术","n":3},{"subclass":"CHEMISTRY, ORGANIC","subclass_cn":"有机化学","n":2},{"subclass":"COMPUTER SCIENCE, INFORMATION SYSTEMS","subclass_cn":"计算机：信息系统","n":2},{"subclass":"ENGINEERING, ELECTRICAL & ELECTRONIC","subclass_cn":"工程：电子与电气","n":2},{"subclass":"MICROSCOPY","subclass_cn":"显微镜技术","n":2},{"subclass":"SPECTROSCOPY","subclass_cn":"光谱学","n":2},{"subclass":"BIODIVERSITY CONSERVATION","subclass_cn":"生物多样性保护","n":1},{"subclass":"CHEMISTRY, PHYSICAL","subclass_cn":"物理化学","n":1},{"subclass":"COMPUTER SCIENCE, THEORY & METHODS","subclass_cn":"计算机：理论方法","n":1},{"subclass":"ECOLOGY","subclass_cn":"生态学","n":1},{"subclass":"ENGINEERING, CHEMICAL","subclass_cn":"工程：化工","n":1},{"subclass":"ENGINEERING, INDUSTRIAL","subclass_cn":"工程：工业","n":1},{"subclass":"EVOLUTIONARY BIOLOGY","subclass_cn":"进化生物学","n":1},{"subclass":"IMAGING SCIENCE & PHOTOGRAPHIC TECHNOLOGY","subclass_cn":"成像科学与照相技术","n":1},{"subclass":"MARINE & FRESHWATER BIOLOGY","subclass_cn":"海洋与淡水生物学","n":1},{"subclass":"MULTIDISCIPLINARY SCIENCES","subclass_cn":"综合性期刊","n":1},{"subclass":"PHYSICS, APPLIED","subclass_cn":"物理：应用","n":1},{"subclass":"PHYSICS, ATOMIC, MOLECULAR & CHEMICAL","subclass_cn":"物理：原子、分子和化学物理","n":1},{"subclass":"WATER RESOURCES","subclass_cn":"水资源","n":1}]},{"class":"ENGINEERING & TECHNOLOGY","class_cn":"工程技术","n_class":1109,"subclasses":[{"subclass":"MATERIALS SCIENCE, MULTIDISCIPLINARY","subclass_cn":"材料科学：综合","n":188},{"subclass":"ENGINEERING, ELECTRICAL & ELECTRONIC","subclass_cn":"工程：电子与电气","n":147},{"subclass":"COMPUTER SCIENCE, ARTIFICIAL INTELLIGENCE","subclass_cn":"计算机：人工智能","n":93},{"subclass":"PHYSICS, APPLIED","subclass_cn":"物理：应用","n":86},{"subclass":"COMPUTER SCIENCE, INFORMATION SYSTEMS","subclass_cn":"计算机：信息系统","n":78},{"subclass":"NANOSCIENCE & NANOTECHNOLOGY","subclass_cn":"纳米科技","n":76},{"subclass":"MECHANICS","subclass_cn":"力学","n":75},{"subclass":"ENGINEERING, CHEMICAL","subclass_cn":"工程：化工","n":68},{"subclass":"ENGINEERING, MECHANICAL","subclass_cn":"工程：机械","n":66},{"subclass":"COMPUTER SCIENCE, SOFTWARE ENGINEERING","subclass_cn":"计算机：软件工程","n":65},{"subclass":"ENERGY & FUELS","subclass_cn":"能源与燃料","n":60},{"subclass":"FOOD SCIENCE & TECHNOLOGY","subclass_cn":"食品科技","n":58},{"subclass":"COMPUTER SCIENCE, THEORY & METHODS","subclass_cn":"计算机：理论方法","n":57},{"subclass":"COMPUTER SCIENCE, INTERDISCIPLINARY APPLICATIONS","subclass_cn":"计算机：跨学科应用","n":53},{"subclass":"CHEMISTRY, PHYSICAL","subclass_cn":"物理化学","n":48},{"subclass":"TELECOMMUNICATIONS","subclass_cn":"电信学","n":48},{"subclass":"BIOTECHNOLOGY & APPLIED MICROBIOLOGY","subclass_cn":"生物工程与应用微生物","n":47},{"subclass":"ENGINEERING, MULTIDISCIPLINARY","subclass_cn":"工程：综合","n":47},{"subclass":"INSTRUMENTS & INSTRUMENTATION","subclass_cn":"仪器仪表","n":36},{"subclass":"AUTOMATION & CONTROL SYSTEMS","subclass_cn":"自动化与控制系统","n":34},{"subclass":"THERMODYNAMICS","subclass_cn":"热力学","n":33},{"subclass":"ENGINEERING, CIVIL","subclass_cn":"工程：土木","n":32},{"subclass":"OPTICS","subclass_cn":"光学","n":31},{"subclass":"OPERATIONS RESEARCH & MANAGEMENT SCIENCE","subclass_cn":"运筹学与管理科学","n":29},{"subclass":"COMPUTER SCIENCE, HARDWARE & ARCHITECTURE","subclass_cn":"计算机：硬件","n":28},{"subclass":"ENGINEERING, MANUFACTURING","subclass_cn":"工程：制造","n":27},{"subclass":"MATERIALS SCIENCE, BIOMATERIALS","subclass_cn":"材料科学：生物材料","n":27},{"subclass":"MATHEMATICS, INTERDISCIPLINARY APPLICATIONS","subclass_cn":"数学跨学科应用","n":26},{"subclass":"CHEMISTRY, MULTIDISCIPLINARY","subclass_cn":"化学综合","n":25},{"subclass":"PHYSICS, CONDENSED MATTER","subclass_cn":"物理：凝聚态物理","n":25},{"subclass":"POLYMER SCIENCE","subclass_cn":"高分子科学","n":25},{"subclass":"CONSTRUCTION & BUILDING TECHNOLOGY","subclass_cn":"结构与建筑技术","n":23},{"subclass":"ROBOTICS","subclass_cn":"机器人学","n":23},{"subclass":"ENGINEERING, BIOMEDICAL","subclass_cn":"工程：生物医学","n":22},{"subclass":"ENGINEERING, INDUSTRIAL","subclass_cn":"工程：工业","n":22},{"subclass":"METALLURGY & METALLURGICAL ENGINEERING","subclass_cn":"冶金工程","n":22},{"subclass":"IMAGING SCIENCE & PHOTOGRAPHIC TECHNOLOGY","subclass_cn":"成像科学与照相技术","n":21},{"subclass":"CHEMISTRY, APPLIED","subclass_cn":"应用化学","n":20},{"subclass":"MATHEMATICS, APPLIED","subclass_cn":"应用数学","n":20},{"subclass":"MATERIALS SCIENCE, CHARACTERIZATION & TESTING","subclass_cn":"材料科学：表征与测试","n":16},{"subclass":"COMPUTER SCIENCE, CYBERNETICS","subclass_cn":"计算机：控制论","n":14},{"subclass":"ENGINEERING, AEROSPACE","subclass_cn":"工程：宇航","n":14},{"subclass":"TRANSPORTATION SCIENCE & TECHNOLOGY","subclass_cn":"运输科技","n":13},{"subclass":"ELECTROCHEMISTRY","subclass_cn":"电化学","n":12},{"subclass":"GEOSCIENCES, MULTIDISCIPLINARY","subclass_cn":"地球科学综合","n":12},{"subclass":"REMOTE SENSING","subclass_cn":"遥感","n":12},{"subclass":"BIOCHEMICAL RESEARCH METHODS","subclass_cn":"生化研究方法","n":11},{"subclass":"GREEN & SUSTAINABLE SCIENCE & TECHNOLOGY","subclass_cn":"绿色可持续发展技术","n":11},{"subclass":"MATERIALS SCIENCE, COATINGS & FILMS","subclass_cn":"材料科学：膜","n":11},{"subclass":"PHYSICS, FLUIDS & PLASMAS","subclass_cn":"物理：流体与等离子体","n":11},{"subclass":"CHEMISTRY, ANALYTICAL","subclass_cn":"分析化学","n":10},{"subclass":"STATISTICS & PROBABILITY","subclass_cn":"统计学与概率论","n":10},{"subclass":"ACOUSTICS","subclass_cn":"声学","n":9},{"subclass":"ENVIRONMENTAL SCIENCES","subclass_cn":"环境科学","n":9},{"subclass":"BIOPHYSICS","subclass_cn":"生物物理","n":8},{"subclass":"ENGINEERING, ENVIRONMENTAL","subclass_cn":"工程：环境","n":8},{"subclass":"MATERIALS SCIENCE, COMPOSITES","subclass_cn":"材料科学：复合","n":8},{"subclass":"NEUROSCIENCES","subclass_cn":"神经科学","n":8},{"subclass":"NUCLEAR SCIENCE & TECHNOLOGY","subclass_cn":"核科学技术","n":8},{"subclass":"ENGINEERING, GEOLOGICAL","subclass_cn":"工程：地质","n":7},{"subclass":"MATERIALS SCIENCE, CERAMICS","subclass_cn":"材料科学：硅酸盐","n":7},{"subclass":"NUTRITION & DIETETICS","subclass_cn":"营养学","n":7},{"subclass":"WATER RESOURCES","subclass_cn":"水资源","n":7},{"subclass":"BIOCHEMISTRY & MOLECULAR BIOLOGY","subclass_cn":"生化与分子生物学","n":6},{"subclass":"MATHEMATICAL & COMPUTATIONAL BIOLOGY","subclass_cn":"数学与计算生物学","n":6},{"subclass":"MICROSCOPY","subclass_cn":"显微镜技术","n":6},{"subclass":"MINING & MINERAL PROCESSING","subclass_cn":"矿业与矿物加工","n":6},{"subclass":"MATERIALS SCIENCE, PAPER & WOOD","subclass_cn":"材料科学：纸与木材","n":5},{"subclass":"MULTIDISCIPLINARY SCIENCES","subclass_cn":"综合性期刊","n":5},{"subclass":"QUANTUM SCIENCE & TECHNOLOGY","subclass_cn":"量子科学与技术","n":5},{"subclass":"MATERIALS SCIENCE, TEXTILES","subclass_cn":"材料科学：纺织","n":4},{"subclass":"METEOROLOGY & ATMOSPHERIC SCIENCES","subclass_cn":"气象与大气科学","n":4},{"subclass":"MINERALOGY","subclass_cn":"矿物学","n":4},{"subclass":"ENGINEERING, PETROLEUM","subclass_cn":"工程：石油","n":3},{"subclass":"GEOCHEMISTRY & GEOPHYSICS","subclass_cn":"地球化学与地球物理","n":3},{"subclass":"GEOGRAPHY, PHYSICAL","subclass_cn":"自然地理","n":3},{"subclass":"MEDICAL INFORMATICS","subclass_cn":"医学：信息","n":3},{"subclass":"MICROBIOLOGY","subclass_cn":"微生物学","n":3},{"subclass":"AGRICULTURAL ECONOMICS & POLICY","subclass_cn":"农业经济与政策","n":2},{"subclass":"AGRICULTURAL ENGINEERING","subclass_cn":"农业工程","n":2},{"subclass":"CELL & TISSUE ENGINEERING","subclass_cn":"细胞与组织工程","n":2},{"subclass":"EDUCATION, SCIENTIFIC DISCIPLINES","subclass_cn":"学科教育","n":2},{"subclass":"MATHEMATICS","subclass_cn":"数学","n":2},{"subclass":"OCEANOGRAPHY","subclass_cn":"海洋学","n":2},{"subclass":"PHARMACOLOGY & PHARMACY","subclass_cn":"药学","n":2},{"subclass":"RADIOLOGY, NUCLEAR MEDICINE & MEDICAL IMAGING","subclass_cn":"核医学","n":2},{"subclass":"AGRONOMY","subclass_cn":"农艺学","n":1},{"subclass":"ASTRONOMY & ASTROPHYSICS","subclass_cn":"天文与天体物理","n":1},{"subclass":"BIOLOGY","subclass_cn":"生物学","n":1},{"subclass":"CELL BIOLOGY","subclass_cn":"细胞生物学","n":1},{"subclass":"CHEMISTRY, INORGANIC & NUCLEAR","subclass_cn":"无机化学与核化学","n":1},{"subclass":"CHEMISTRY, ORGANIC","subclass_cn":"有机化学","n":1},{"subclass":"ENGINEERING, MARINE","subclass_cn":"工程：海洋","n":1},{"subclass":"ENGINEERING, OCEAN","subclass_cn":"工程：大洋","n":1},{"subclass":"FORESTRY","subclass_cn":"林学","n":1},{"subclass":"HISTORY & PHILOSOPHY OF SCIENCE","subclass_cn":"科学史与科学哲学","n":1},{"subclass":"LOGIC","subclass_cn":"逻辑学","n":1},{"subclass":"MEDICINE, RESEARCH & EXPERIMENTAL","subclass_cn":"医学：研究与实验","n":1},{"subclass":"ONCOLOGY","subclass_cn":"肿瘤学","n":1},{"subclass":"PHYSICS, MULTIDISCIPLINARY","subclass_cn":"物理：综合","n":1},{"subclass":"PLANT SCIENCES","subclass_cn":"植物科学","n":1},{"subclass":"PSYCHOLOGY","subclass_cn":"心理学","n":1},{"subclass":"PUBLIC, ENVIRONMENTAL & OCCUPATIONAL HEALTH","subclass_cn":"公共卫生、环境卫生与职业卫生","n":1},{"subclass":"REHABILITATION","subclass_cn":"康复医学","n":1},{"subclass":"SOIL SCIENCE","subclass_cn":"土壤科学","n":1},{"subclass":"SPORT SCIENCES","subclass_cn":"运动科学","n":1},{"subclass":"TOXICOLOGY","subclass_cn":"毒理学","n":1}]},{"class":"BIOLOGY","class_cn":"生物","n_class":791,"subclasses":[{"subclass":"BIOCHEMISTRY & MOLECULAR BIOLOGY","subclass_cn":"生化与分子生物学","n":203},{"subclass":"CELL BIOLOGY","subclass_cn":"细胞生物学","n":130},{"subclass":"PLANT SCIENCES","subclass_cn":"植物科学","n":110},{"subclass":"GENETICS & HEREDITY","subclass_cn":"遗传学","n":102},{"subclass":"ZOOLOGY","subclass_cn":"动物学","n":91},{"subclass":"MICROBIOLOGY","subclass_cn":"微生物学","n":74},{"subclass":"BIOTECHNOLOGY & APPLIED MICROBIOLOGY","subclass_cn":"生物工程与应用微生物","n":67},{"subclass":"BIOLOGY","subclass_cn":"生物学","n":59},{"subclass":"BIOPHYSICS","subclass_cn":"生物物理","n":43},{"subclass":"BIOCHEMICAL RESEARCH METHODS","subclass_cn":"生化研究方法","n":38},{"subclass":"EVOLUTIONARY BIOLOGY","subclass_cn":"进化生物学","n":37},{"subclass":"MATHEMATICAL & COMPUTATIONAL BIOLOGY","subclass_cn":"数学与计算生物学","n":32},{"subclass":"DEVELOPMENTAL BIOLOGY","subclass_cn":"发育生物学","n":31},{"subclass":"MARINE & FRESHWATER BIOLOGY","subclass_cn":"海洋与淡水生物学","n":30},{"subclass":"ECOLOGY","subclass_cn":"生态学","n":27},{"subclass":"MYCOLOGY","subclass_cn":"真菌学","n":23},{"subclass":"PHYSIOLOGY","subclass_cn":"生理学","n":15},{"subclass":"BEHAVIORAL SCIENCES","subclass_cn":"行为科学","n":11},{"subclass":"ORNITHOLOGY","subclass_cn":"鸟类学","n":10},{"subclass":"TOXICOLOGY","subclass_cn":"毒理学","n":10},{"subclass":"REPRODUCTIVE BIOLOGY","subclass_cn":"生殖生物学","n":9},{"subclass":"ENDOCRINOLOGY & METABOLISM","subclass_cn":"内分泌学与代谢","n":7},{"subclass":"BIODIVERSITY CONSERVATION","subclass_cn":"生物多样性保护","n":5},{"subclass":"CELL & TISSUE ENGINEERING","subclass_cn":"细胞与组织工程","n":5},{"subclass":"CHEMISTRY, ANALYTICAL","subclass_cn":"分析化学","n":5},{"subclass":"IMMUNOLOGY","subclass_cn":"免疫学","n":5},{"subclass":"PHARMACOLOGY & PHARMACY","subclass_cn":"药学","n":5},{"subclass":"ANATOMY & MORPHOLOGY","subclass_cn":"解剖学与形态学","n":4},{"subclass":"COMPUTER SCIENCE, INTERDISCIPLINARY APPLICATIONS","subclass_cn":"计算机：跨学科应用","n":4},{"subclass":"EDUCATION, SCIENTIFIC DISCIPLINES","subclass_cn":"学科教育","n":4},{"subclass":"FOOD SCIENCE & TECHNOLOGY","subclass_cn":"食品科技","n":4},{"subclass":"MEDICINE, RESEARCH & EXPERIMENTAL","subclass_cn":"医学：研究与实验","n":4},{"subclass":"NEUROSCIENCES","subclass_cn":"神经科学","n":4},{"subclass":"NUTRITION & DIETETICS","subclass_cn":"营养学","n":4},{"subclass":"PARASITOLOGY","subclass_cn":"寄生虫学","n":4},{"subclass":"STATISTICS & PROBABILITY","subclass_cn":"统计学与概率论","n":4},{"subclass":"AGRICULTURE, DAIRY & ANIMAL SCIENCE","subclass_cn":"奶制品与动物科学","n":3},{"subclass":"CHEMISTRY, MEDICINAL","subclass_cn":"药物化学","n":3},{"subclass":"CRYSTALLOGRAPHY","subclass_cn":"晶体学","n":3},{"subclass":"AGRONOMY","subclass_cn":"农艺学","n":2},{"subclass":"ENVIRONMENTAL SCIENCES","subclass_cn":"环境科学","n":2},{"subclass":"FISHERIES","subclass_cn":"渔业","n":2},{"subclass":"FORESTRY","subclass_cn":"林学","n":2},{"subclass":"MULTIDISCIPLINARY SCIENCES","subclass_cn":"综合性期刊","n":2},{"subclass":"SPECTROSCOPY","subclass_cn":"光谱学","n":2},{"subclass":"VETERINARY SCIENCES","subclass_cn":"兽医学","n":2},{"subclass":"VIROLOGY","subclass_cn":"病毒学","n":2},{"subclass":"ASTRONOMY & ASTROPHYSICS","subclass_cn":"天文与天体物理","n":1},{"subclass":"CHEMISTRY, APPLIED","subclass_cn":"应用化学","n":1},{"subclass":"CHEMISTRY, INORGANIC & NUCLEAR","subclass_cn":"无机化学与核化学","n":1},{"subclass":"CHEMISTRY, MULTIDISCIPLINARY","subclass_cn":"化学综合","n":1},{"subclass":"CHEMISTRY, PHYSICAL","subclass_cn":"物理化学","n":1},{"subclass":"ENGINEERING, CHEMICAL","subclass_cn":"工程：化工","n":1},{"subclass":"ENTOMOLOGY","subclass_cn":"昆虫学","n":1},{"subclass":"GERIATRICS & GERONTOLOGY","subclass_cn":"老年医学","n":1},{"subclass":"HISTORY & PHILOSOPHY OF SCIENCE","subclass_cn":"科学史与科学哲学","n":1},{"subclass":"HORTICULTURE","subclass_cn":"园艺","n":1},{"subclass":"INFECTIOUS DISEASES","subclass_cn":"传染病学","n":1},{"subclass":"MEDICAL LABORATORY TECHNOLOGY","subclass_cn":"医学实验技术","n":1},{"subclass":"MICROSCOPY","subclass_cn":"显微镜技术","n":1},{"subclass":"OCEANOGRAPHY","subclass_cn":"海洋学","n":1},{"subclass":"PATHOLOGY","subclass_cn":"病理学","n":1},{"subclass":"SOIL SCIENCE","subclass_cn":"土壤科学","n":1}]},{"class":"AGRICULTURE & FORESTRY SCIENCE","class_cn":"农林科学","n_class":352,"subclasses":[{"subclass":"VETERINARY SCIENCES","subclass_cn":"兽医学","n":108},{"subclass":"ENTOMOLOGY","subclass_cn":"昆虫学","n":63},{"subclass":"AGRONOMY","subclass_cn":"农艺学","n":39},{"subclass":"AGRICULTURE, DAIRY & ANIMAL SCIENCE","subclass_cn":"奶制品与动物科学","n":35},{"subclass":"PLANT SCIENCES","subclass_cn":"植物科学","n":32},{"subclass":"FISHERIES","subclass_cn":"渔业","n":31},{"subclass":"SOIL SCIENCE","subclass_cn":"土壤科学","n":22},{"subclass":"FORESTRY","subclass_cn":"林学","n":21},{"subclass":"FOOD SCIENCE & TECHNOLOGY","subclass_cn":"食品科技","n":20},{"subclass":"AGRICULTURE, MULTIDISCIPLINARY","subclass_cn":"农业综合","n":18},{"subclass":"HORTICULTURE","subclass_cn":"园艺","n":11},{"subclass":"MARINE & FRESHWATER BIOLOGY","subclass_cn":"海洋与淡水生物学","n":11},{"subclass":"ECOLOGY","subclass_cn":"生态学","n":6},{"subclass":"AGRICULTURAL ENGINEERING","subclass_cn":"农业工程","n":5},{"subclass":"BIOCHEMISTRY & MOLECULAR BIOLOGY","subclass_cn":"生化与分子生物学","n":5},{"subclass":"BIOTECHNOLOGY & APPLIED MICROBIOLOGY","subclass_cn":"生物工程与应用微生物","n":5},{"subclass":"WATER RESOURCES","subclass_cn":"水资源","n":5},{"subclass":"ZOOLOGY","subclass_cn":"动物学","n":5},{"subclass":"CHEMISTRY, APPLIED","subclass_cn":"应用化学","n":4},{"subclass":"ENVIRONMENTAL SCIENCES","subclass_cn":"环境科学","n":4},{"subclass":"PHYSIOLOGY","subclass_cn":"生理学","n":4},{"subclass":"GENETICS & HEREDITY","subclass_cn":"遗传学","n":3},{"subclass":"REPRODUCTIVE BIOLOGY","subclass_cn":"生殖生物学","n":3},{"subclass":"BEHAVIORAL SCIENCES","subclass_cn":"行为科学","n":2},{"subclass":"EVOLUTIONARY BIOLOGY","subclass_cn":"进化生物学","n":2},{"subclass":"GREEN & SUSTAINABLE SCIENCE & TECHNOLOGY","subclass_cn":"绿色可持续发展技术","n":2},{"subclass":"INFECTIOUS DISEASES","subclass_cn":"传染病学","n":2},{"subclass":"NUTRITION & DIETETICS","subclass_cn":"营养学","n":2},{"subclass":"OCEANOGRAPHY","subclass_cn":"海洋学","n":2},{"subclass":"PARASITOLOGY","subclass_cn":"寄生虫学","n":2},{"subclass":"PATHOLOGY","subclass_cn":"病理学","n":2},{"subclass":"TOXICOLOGY","subclass_cn":"毒理学","n":2},{"subclass":"ANATOMY & MORPHOLOGY","subclass_cn":"解剖学与形态学","n":1},{"subclass":"BIOLOGY","subclass_cn":"生物学","n":1},{"subclass":"CHEMISTRY, ANALYTICAL","subclass_cn":"分析化学","n":1},{"subclass":"COMPUTER SCIENCE, INTERDISCIPLINARY APPLICATIONS","subclass_cn":"计算机：跨学科应用","n":1},{"subclass":"DERMATOLOGY","subclass_cn":"皮肤病学","n":1},{"subclass":"EDUCATION, SCIENTIFIC DISCIPLINES","subclass_cn":"学科教育","n":1},{"subclass":"ENDOCRINOLOGY & METABOLISM","subclass_cn":"内分泌学与代谢","n":1},{"subclass":"GEOGRAPHY, PHYSICAL","subclass_cn":"自然地理","n":1},{"subclass":"GEOSCIENCES, MULTIDISCIPLINARY","subclass_cn":"地球科学综合","n":1},{"subclass":"HISTORY & PHILOSOPHY OF SCIENCE","subclass_cn":"科学史与科学哲学","n":1},{"subclass":"IMMUNOLOGY","subclass_cn":"免疫学","n":1},{"subclass":"MATERIALS SCIENCE, PAPER & WOOD","subclass_cn":"材料科学：纸与木材","n":1},{"subclass":"METEOROLOGY & ATMOSPHERIC SCIENCES","subclass_cn":"气象与大气科学","n":1},{"subclass":"MICROBIOLOGY","subclass_cn":"微生物学","n":1},{"subclass":"NEUROSCIENCES","subclass_cn":"神经科学","n":1},{"subclass":"ORNITHOLOGY","subclass_cn":"鸟类学","n":1},{"subclass":"PHARMACOLOGY & PHARMACY","subclass_cn":"药学","n":1}]},{"class":"CHEMISTRY","class_cn":"化学","n_class":303,"subclasses":[{"subclass":"CHEMISTRY, MULTIDISCIPLINARY","subclass_cn":"化学综合","n":93},{"subclass":"CHEMISTRY, PHYSICAL","subclass_cn":"物理化学","n":71},{"subclass":"CHEMISTRY, ORGANIC","subclass_cn":"有机化学","n":45},{"subclass":"CHEMISTRY, ANALYTICAL","subclass_cn":"分析化学","n":43},{"subclass":"SPECTROSCOPY","subclass_cn":"光谱学","n":31},{"subclass":"CHEMISTRY, INORGANIC & NUCLEAR","subclass_cn":"无机化学与核化学","n":27},{"subclass":"POLYMER SCIENCE","subclass_cn":"高分子科学","n":23},{"subclass":"PHYSICS, ATOMIC, MOLECULAR & CHEMICAL","subclass_cn":"物理：原子、分子和化学物理","n":19},{"subclass":"BIOCHEMISTRY & MOLECULAR BIOLOGY","subclass_cn":"生化与分子生物学","n":16},{"subclass":"CRYSTALLOGRAPHY","subclass_cn":"晶体学","n":15},{"subclass":"CHEMISTRY, APPLIED","subclass_cn":"应用化学","n":13},{"subclass":"MATERIALS SCIENCE, MULTIDISCIPLINARY","subclass_cn":"材料科学：综合","n":13},{"subclass":"BIOCHEMICAL RESEARCH METHODS","subclass_cn":"生化研究方法","n":11},{"subclass":"CHEMISTRY, MEDICINAL","subclass_cn":"药物化学","n":8},{"subclass":"ELECTROCHEMISTRY","subclass_cn":"电化学","n":8},{"subclass":"ENGINEERING, CHEMICAL","subclass_cn":"工程：化工","n":6},{"subclass":"GREEN & SUSTAINABLE SCIENCE & TECHNOLOGY","subclass_cn":"绿色可持续发展技术","n":6},{"subclass":"PHYSICS, CONDENSED MATTER","subclass_cn":"物理：凝聚态物理","n":6},{"subclass":"COMPUTER SCIENCE, INTERDISCIPLINARY APPLICATIONS","subclass_cn":"计算机：跨学科应用","n":4},{"subclass":"MATHEMATICS, INTERDISCIPLINARY APPLICATIONS","subclass_cn":"数学跨学科应用","n":4},{"subclass":"BIOPHYSICS","subclass_cn":"生物物理","n":3},{"subclass":"INSTRUMENTS & INSTRUMENTATION","subclass_cn":"仪器仪表","n":3},{"subclass":"NANOSCIENCE & NANOTECHNOLOGY","subclass_cn":"纳米科技","n":3},{"subclass":"NUCLEAR SCIENCE & TECHNOLOGY","subclass_cn":"核科学技术","n":3},{"subclass":"COMPUTER SCIENCE, INFORMATION SYSTEMS","subclass_cn":"计算机：信息系统","n":2},{"subclass":"ENVIRONMENTAL SCIENCES","subclass_cn":"环境科学","n":2},{"subclass":"PHARMACOLOGY & PHARMACY","subclass_cn":"药学","n":2},{"subclass":"THERMODYNAMICS","subclass_cn":"热力学","n":2},{"subclass":"ACOUSTICS","subclass_cn":"声学","n":1},{"subclass":"AUTOMATION & CONTROL SYSTEMS","subclass_cn":"自动化与控制系统","n":1},{"subclass":"BIOLOGY","subclass_cn":"生物学","n":1},{"subclass":"COMPUTER SCIENCE, ARTIFICIAL INTELLIGENCE","subclass_cn":"计算机：人工智能","n":1},{"subclass":"EDUCATION, SCIENTIFIC DISCIPLINES","subclass_cn":"学科教育","n":1},{"subclass":"ENERGY & FUELS","subclass_cn":"能源与燃料","n":1},{"subclass":"ENGINEERING, ENVIRONMENTAL","subclass_cn":"工程：环境","n":1},{"subclass":"FOOD SCIENCE & TECHNOLOGY","subclass_cn":"食品科技","n":1},{"subclass":"GEOCHEMISTRY & GEOPHYSICS","subclass_cn":"地球化学与地球物理","n":1},{"subclass":"HISTORY & PHILOSOPHY OF SCIENCE","subclass_cn":"科学史与科学哲学","n":1},{"subclass":"MATHEMATICAL & COMPUTATIONAL BIOLOGY","subclass_cn":"数学与计算生物学","n":1},{"subclass":"PHYSICS, APPLIED","subclass_cn":"物理：应用","n":1},{"subclass":"PHYSICS, MULTIDISCIPLINARY","subclass_cn":"物理：综合","n":1},{"subclass":"QUANTUM SCIENCE & TECHNOLOGY","subclass_cn":"量子科学与技术","n":1},{"subclass":"RADIOLOGY, NUCLEAR MEDICINE & MEDICAL IMAGING","subclass_cn":"核医学","n":1},{"subclass":"STATISTICS & PROBABILITY","subclass_cn":"统计学与概率论","n":1}]},{"class":"ENVIRONMENTAL SCIENCE & ECOLOGY","class_cn":"环境科学与生态学","n_class":265,"subclasses":[{"subclass":"ENVIRONMENTAL SCIENCES","subclass_cn":"环境科学","n":160},{"subclass":"ECOLOGY","subclass_cn":"生态学","n":86},{"subclass":"WATER RESOURCES","subclass_cn":"水资源","n":35},{"subclass":"ENGINEERING, ENVIRONMENTAL","subclass_cn":"工程：环境","n":33},{"subclass":"BIODIVERSITY CONSERVATION","subclass_cn":"生物多样性保护","n":28},{"subclass":"MARINE & FRESHWATER BIOLOGY","subclass_cn":"海洋与淡水生物学","n":20},{"subclass":"TOXICOLOGY","subclass_cn":"毒理学","n":17},{"subclass":"LIMNOLOGY","subclass_cn":"湖沼学","n":12},{"subclass":"PUBLIC, ENVIRONMENTAL & OCCUPATIONAL HEALTH","subclass_cn":"公共卫生、环境卫生与职业卫生","n":12},{"subclass":"METEOROLOGY & ATMOSPHERIC SCIENCES","subclass_cn":"气象与大气科学","n":11},{"subclass":"GREEN & SUSTAINABLE SCIENCE & TECHNOLOGY","subclass_cn":"绿色可持续发展技术","n":9},{"subclass":"GEOSCIENCES, MULTIDISCIPLINARY","subclass_cn":"地球科学综合","n":7},{"subclass":"ENGINEERING, CIVIL","subclass_cn":"工程：土木","n":6},{"subclass":"PLANT SCIENCES","subclass_cn":"植物科学","n":6},{"subclass":"GEOGRAPHY, PHYSICAL","subclass_cn":"自然地理","n":5},{"subclass":"ZOOLOGY","subclass_cn":"动物学","n":5},{"subclass":"BIOCHEMISTRY & MOLECULAR BIOLOGY","subclass_cn":"生化与分子生物学","n":4},{"subclass":"CHEMISTRY, MULTIDISCIPLINARY","subclass_cn":"化学综合","n":4},{"subclass":"ENGINEERING, CHEMICAL","subclass_cn":"工程：化工","n":4},{"subclass":"EVOLUTIONARY BIOLOGY","subclass_cn":"进化生物学","n":4},{"subclass":"FORESTRY","subclass_cn":"林学","n":4},{"subclass":"GENETICS & HEREDITY","subclass_cn":"遗传学","n":4},{"subclass":"OCEANOGRAPHY","subclass_cn":"海洋学","n":4},{"subclass":"BIOTECHNOLOGY & APPLIED MICROBIOLOGY","subclass_cn":"生物工程与应用微生物","n":3},{"subclass":"MATHEMATICS, INTERDISCIPLINARY APPLICATIONS","subclass_cn":"数学跨学科应用","n":3},{"subclass":"MICROBIOLOGY","subclass_cn":"微生物学","n":3},{"subclass":"RADIOLOGY, NUCLEAR MEDICINE & MEDICAL IMAGING","subclass_cn":"核医学","n":3},{"subclass":"STATISTICS & PROBABILITY","subclass_cn":"统计学与概率论","n":3},{"subclass":"BIOLOGY","subclass_cn":"生物学","n":2},{"subclass":"CHEMISTRY, ANALYTICAL","subclass_cn":"分析化学","n":2},{"subclass":"COMPUTER SCIENCE, INTERDISCIPLINARY APPLICATIONS","subclass_cn":"计算机：跨学科应用","n":2},{"subclass":"ENGINEERING, MECHANICAL","subclass_cn":"工程：机械","n":2},{"subclass":"NANOSCIENCE & NANOTECHNOLOGY","subclass_cn":"纳米科技","n":2},{"subclass":"NUCLEAR SCIENCE & TECHNOLOGY","subclass_cn":"核科学技术","n":2},{"subclass":"AGRICULTURE, MULTIDISCIPLINARY","subclass_cn":"农业综合","n":1},{"subclass":"BEHAVIORAL SCIENCES","subclass_cn":"行为科学","n":1},{"subclass":"BIOPHYSICS","subclass_cn":"生物物理","n":1},{"subclass":"CHEMISTRY, INORGANIC & NUCLEAR","subclass_cn":"无机化学与核化学","n":1},{"subclass":"CONSTRUCTION & BUILDING TECHNOLOGY","subclass_cn":"结构与建筑技术","n":1},{"subclass":"ENDOCRINOLOGY & METABOLISM","subclass_cn":"内分泌学与代谢","n":1},{"subclass":"FISHERIES","subclass_cn":"渔业","n":1},{"subclass":"GEOLOGY","subclass_cn":"地质学","n":1},{"subclass":"MATHEMATICAL & COMPUTATIONAL BIOLOGY","subclass_cn":"数学与计算生物学","n":1},{"subclass":"MYCOLOGY","subclass_cn":"真菌学","n":1},{"subclass":"ONCOLOGY","subclass_cn":"肿瘤学","n":1},{"subclass":"PHARMACOLOGY & PHARMACY","subclass_cn":"药学","n":1},{"subclass":"PHYSIOLOGY","subclass_cn":"生理学","n":1},{"subclass":"REMOTE SENSING","subclass_cn":"遥感","n":1}]},{"class":"MATHEMATICS","class_cn":"数学","n_class":251,"subclasses":[{"subclass":"MATHEMATICS, APPLIED","subclass_cn":"应用数学","n":123},{"subclass":"MATHEMATICS","subclass_cn":"数学","n":95},{"subclass":"STATISTICS & PROBABILITY","subclass_cn":"统计学与概率论","n":76},{"subclass":"MATHEMATICS, INTERDISCIPLINARY APPLICATIONS","subclass_cn":"数学跨学科应用","n":22},{"subclass":"PHYSICS, MATHEMATICAL","subclass_cn":"物理：数学物理","n":10},{"subclass":"OPERATIONS RESEARCH & MANAGEMENT SCIENCE","subclass_cn":"运筹学与管理科学","n":9},{"subclass":"COMPUTER SCIENCE, THEORY & METHODS","subclass_cn":"计算机：理论方法","n":7},{"subclass":"MATHEMATICAL & COMPUTATIONAL BIOLOGY","subclass_cn":"数学与计算生物学","n":6},{"subclass":"COMPUTER SCIENCE, INTERDISCIPLINARY APPLICATIONS","subclass_cn":"计算机：跨学科应用","n":5},{"subclass":"COMPUTER SCIENCE, SOFTWARE ENGINEERING","subclass_cn":"计算机：软件工程","n":5},{"subclass":"MECHANICS","subclass_cn":"力学","n":4},{"subclass":"BIOLOGY","subclass_cn":"生物学","n":3},{"subclass":"LOGIC","subclass_cn":"逻辑学","n":3},{"subclass":"MULTIDISCIPLINARY SCIENCES","subclass_cn":"综合性期刊","n":3},{"subclass":"AUTOMATION & CONTROL SYSTEMS","subclass_cn":"自动化与控制系统","n":2},{"subclass":"PHYSICS, FLUIDS & PLASMAS","subclass_cn":"物理：流体与等离子体","n":2}]},{"class":"GEOSCIENCE","class_cn":"地学","n_class":221,"subclasses":[{"subclass":"GEOSCIENCES, MULTIDISCIPLINARY","subclass_cn":"地球科学综合","n":89},{"subclass":"METEOROLOGY & ATMOSPHERIC SCIENCES","subclass_cn":"气象与大气科学","n":42},{"subclass":"GEOCHEMISTRY & GEOPHYSICS","subclass_cn":"地球化学与地球物理","n":38},{"subclass":"GEOGRAPHY, PHYSICAL","subclass_cn":"自然地理","n":30},{"subclass":"PALEONTOLOGY","subclass_cn":"古生物学","n":24},{"subclass":"OCEANOGRAPHY","subclass_cn":"海洋学","n":23},{"subclass":"ENVIRONMENTAL SCIENCES","subclass_cn":"环境科学","n":16},{"subclass":"GEOLOGY","subclass_cn":"地质学","n":12},{"subclass":"MINERALOGY","subclass_cn":"矿物学","n":12},{"subclass":"REMOTE SENSING","subclass_cn":"遥感","n":10},{"subclass":"WATER RESOURCES","subclass_cn":"水资源","n":10},{"subclass":"ASTRONOMY & ASTROPHYSICS","subclass_cn":"天文与天体物理","n":6},{"subclass":"MARINE & FRESHWATER BIOLOGY","subclass_cn":"海洋与淡水生物学","n":5},{"subclass":"LIMNOLOGY","subclass_cn":"湖沼学","n":4},{"subclass":"COMPUTER SCIENCE, INTERDISCIPLINARY APPLICATIONS","subclass_cn":"计算机：跨学科应用","n":3},{"subclass":"ENGINEERING, GEOLOGICAL","subclass_cn":"工程：地质","n":3},{"subclass":"IMAGING SCIENCE & PHOTOGRAPHIC TECHNOLOGY","subclass_cn":"成像科学与照相技术","n":3},{"subclass":"MINING & MINERAL PROCESSING","subclass_cn":"矿业与矿物加工","n":3},{"subclass":"COMPUTER SCIENCE, INFORMATION SYSTEMS","subclass_cn":"计算机：信息系统","n":2},{"subclass":"ECOLOGY","subclass_cn":"生态学","n":2},{"subclass":"ENGINEERING, OCEAN","subclass_cn":"工程：大洋","n":2},{"subclass":"EVOLUTIONARY BIOLOGY","subclass_cn":"进化生物学","n":2},{"subclass":"MATERIALS SCIENCE, MULTIDISCIPLINARY","subclass_cn":"材料科学：综合","n":2},{"subclass":"MATHEMATICS, INTERDISCIPLINARY APPLICATIONS","subclass_cn":"数学跨学科应用","n":2},{"subclass":"PLANT SCIENCES","subclass_cn":"植物科学","n":2},{"subclass":"BIODIVERSITY CONSERVATION","subclass_cn":"生物多样性保护","n":1},{"subclass":"BIOLOGY","subclass_cn":"生物学","n":1},{"subclass":"BIOPHYSICS","subclass_cn":"生物物理","n":1},{"subclass":"CHEMISTRY, ANALYTICAL","subclass_cn":"分析化学","n":1},{"subclass":"CHEMISTRY, INORGANIC & NUCLEAR","subclass_cn":"无机化学与核化学","n":1},{"subclass":"CHEMISTRY, MULTIDISCIPLINARY","subclass_cn":"化学综合","n":1},{"subclass":"ENGINEERING, AEROSPACE","subclass_cn":"工程：宇航","n":1},{"subclass":"ENGINEERING, CIVIL","subclass_cn":"工程：土木","n":1},{"subclass":"ENGINEERING, MARINE","subclass_cn":"工程：海洋","n":1},{"subclass":"HISTORY & PHILOSOPHY OF SCIENCE","subclass_cn":"科学史与科学哲学","n":1},{"subclass":"PATHOLOGY","subclass_cn":"病理学","n":1},{"subclass":"PHYSICS, FLUIDS & PLASMAS","subclass_cn":"物理：流体与等离子体","n":1},{"subclass":"PHYSIOLOGY","subclass_cn":"生理学","n":1}]},{"class":"PHYSICS","class_cn":"物理","n_class":158,"subclasses":[{"subclass":"PHYSICS, MULTIDISCIPLINARY","subclass_cn":"物理：综合","n":47},{"subclass":"OPTICS","subclass_cn":"光学","n":33},{"subclass":"PHYSICS, APPLIED","subclass_cn":"物理：应用","n":30},{"subclass":"PHYSICS, CONDENSED MATTER","subclass_cn":"物理：凝聚态物理","n":21},{"subclass":"PHYSICS, MATHEMATICAL","subclass_cn":"物理：数学物理","n":20},{"subclass":"PHYSICS, PARTICLES & FIELDS","subclass_cn":"物理：粒子与场物理","n":16},{"subclass":"PHYSICS, ATOMIC, MOLECULAR & CHEMICAL","subclass_cn":"物理：原子、分子和化学物理","n":10},{"subclass":"PHYSICS, FLUIDS & PLASMAS","subclass_cn":"物理：流体与等离子体","n":10},{"subclass":"PHYSICS, NUCLEAR","subclass_cn":"物理：核物理","n":10},{"subclass":"ACOUSTICS","subclass_cn":"声学","n":7},{"subclass":"QUANTUM SCIENCE & TECHNOLOGY","subclass_cn":"量子科学与技术","n":7},{"subclass":"ASTRONOMY & ASTROPHYSICS","subclass_cn":"天文与天体物理","n":6},{"subclass":"MATERIALS SCIENCE, MULTIDISCIPLINARY","subclass_cn":"材料科学：综合","n":6},{"subclass":"SPECTROSCOPY","subclass_cn":"光谱学","n":6},{"subclass":"EDUCATION, SCIENTIFIC DISCIPLINES","subclass_cn":"学科教育","n":4},{"subclass":"INSTRUMENTS & INSTRUMENTATION","subclass_cn":"仪器仪表","n":4},{"subclass":"CHEMISTRY, PHYSICAL","subclass_cn":"物理化学","n":3},{"subclass":"COMPUTER SCIENCE, INTERDISCIPLINARY APPLICATIONS","subclass_cn":"计算机：跨学科应用","n":3},{"subclass":"ENGINEERING, ELECTRICAL & ELECTRONIC","subclass_cn":"工程：电子与电气","n":3},{"subclass":"MATHEMATICS, APPLIED","subclass_cn":"应用数学","n":2},{"subclass":"MECHANICS","subclass_cn":"力学","n":2},{"subclass":"NANOSCIENCE & NANOTECHNOLOGY","subclass_cn":"纳米科技","n":2},{"subclass":"NUCLEAR SCIENCE & TECHNOLOGY","subclass_cn":"核科学技术","n":2},{"subclass":"POLYMER SCIENCE","subclass_cn":"高分子科学","n":2},{"subclass":"AUDIOLOGY & SPEECH-LANGUAGE PATHOLOGY","subclass_cn":"听力学与言语病理学","n":1},{"subclass":"COMPUTER SCIENCE, THEORY & METHODS","subclass_cn":"计算机：理论方法","n":1},{"subclass":"HISTORY & PHILOSOPHY OF SCIENCE","subclass_cn":"科学史与科学哲学","n":1},{"subclass":"MATHEMATICS, INTERDISCIPLINARY APPLICATIONS","subclass_cn":"数学跨学科应用","n":1},{"subclass":"RADIOLOGY, NUCLEAR MEDICINE & MEDICAL IMAGING","subclass_cn":"核医学","n":1}]},{"class":"MANAGEMENT SCIENCE","class_cn":"管理科学","n_class":51,"subclasses":[{"subclass":"OPERATIONS RESEARCH & MANAGEMENT SCIENCE","subclass_cn":"运筹学与管理科学","n":16},{"subclass":"MATHEMATICS, INTERDISCIPLINARY APPLICATIONS","subclass_cn":"数学跨学科应用","n":11},{"subclass":"COMPUTER SCIENCE, INFORMATION SYSTEMS","subclass_cn":"计算机：信息系统","n":8},{"subclass":"AGRICULTURAL ECONOMICS & POLICY","subclass_cn":"农业经济与政策","n":7},{"subclass":"STATISTICS & PROBABILITY","subclass_cn":"统计学与概率论","n":6},{"subclass":"COMPUTER SCIENCE, INTERDISCIPLINARY APPLICATIONS","subclass_cn":"计算机：跨学科应用","n":5},{"subclass":"ENGINEERING, INDUSTRIAL","subclass_cn":"工程：工业","n":5},{"subclass":"ENGINEERING, MANUFACTURING","subclass_cn":"工程：制造","n":2},{"subclass":"ENVIRONMENTAL SCIENCES","subclass_cn":"环境科学","n":2},{"subclass":"ECOLOGY","subclass_cn":"生态学","n":1},{"subclass":"ENERGY & FUELS","subclass_cn":"能源与燃料","n":1},{"subclass":"ENGINEERING, MULTIDISCIPLINARY","subclass_cn":"工程：综合","n":1},{"subclass":"FOOD SCIENCE & TECHNOLOGY","subclass_cn":"食品科技","n":1},{"subclass":"HEALTH CARE SCIENCES & SERVICES","subclass_cn":"卫生保健与服务","n":1},{"subclass":"MEDICAL INFORMATICS","subclass_cn":"医学：信息","n":1},{"subclass":"PSYCHOLOGY","subclass_cn":"心理学","n":1},{"subclass":"TELECOMMUNICATIONS","subclass_cn":"电信学","n":1}]},{"class":"SOCIAL SCIENCE","class_cn":"社会科学","n_class":48,"subclasses":[{"subclass":"HISTORY & PHILOSOPHY OF SCIENCE","subclass_cn":"科学史与科学哲学","n":37},{"subclass":"SPORT SCIENCES","subclass_cn":"运动科学","n":3},{"subclass":"AUDIOLOGY & SPEECH-LANGUAGE PATHOLOGY","subclass_cn":"听力学与言语病理学","n":2},{"subclass":"EDUCATION, SCIENTIFIC DISCIPLINES","subclass_cn":"学科教育","n":2},{"subclass":"HEALTH CARE SCIENCES & SERVICES","subclass_cn":"卫生保健与服务","n":2},{"subclass":"MATHEMATICS, INTERDISCIPLINARY APPLICATIONS","subclass_cn":"数学跨学科应用","n":2},{"subclass":"MULTIDISCIPLINARY SCIENCES","subclass_cn":"综合性期刊","n":2},{"subclass":"ACOUSTICS","subclass_cn":"声学","n":1},{"subclass":"AGRICULTURE, MULTIDISCIPLINARY","subclass_cn":"农业综合","n":1},{"subclass":"BIOLOGY","subclass_cn":"生物学","n":1},{"subclass":"ENGINEERING, MULTIDISCIPLINARY","subclass_cn":"工程：综合","n":1},{"subclass":"NEUROSCIENCES","subclass_cn":"神经科学","n":1},{"subclass":"OPERATIONS RESEARCH & MANAGEMENT SCIENCE","subclass_cn":"运筹学与管理科学","n":1}]},{"class":"MULTIDISCIPLINARY SCIENCES","class_cn":"综合性期刊","n_class":43,"subclasses":[{"subclass":"MULTIDISCIPLINARY SCIENCES","subclass_cn":"综合性期刊","n":41},{"subclass":"CHEMISTRY, ANALYTICAL","subclass_cn":"分析化学","n":1},{"subclass":"ECOLOGY","subclass_cn":"生态学","n":1},{"subclass":"GEOSCIENCES, MULTIDISCIPLINARY","subclass_cn":"地球科学综合","n":1},{"subclass":"HISTORY & PHILOSOPHY OF SCIENCE","subclass_cn":"科学史与科学哲学","n":1},{"subclass":"MATERIALS SCIENCE, MULTIDISCIPLINARY","subclass_cn":"材料科学：综合","n":1},{"subclass":"MATHEMATICAL & COMPUTATIONAL BIOLOGY","subclass_cn":"数学与计算生物学","n":1},{"subclass":"SPECTROSCOPY","subclass_cn":"光谱学","n":1}]},{"class":"ASTRONOMY","class_cn":"地学天文","n_class":20,"subclasses":[{"subclass":"ASTRONOMY & ASTROPHYSICS","subclass_cn":"天文与天体物理","n":18},{"subclass":"GEOSCIENCES, MULTIDISCIPLINARY","subclass_cn":"地球科学综合","n":4},{"subclass":"BIOLOGY","subclass_cn":"生物学","n":3},{"subclass":"HISTORY & PHILOSOPHY OF SCIENCE","subclass_cn":"科学史与科学哲学","n":1},{"subclass":"MATHEMATICS, INTERDISCIPLINARY APPLICATIONS","subclass_cn":"数学跨学科应用","n":1}]}]
